/* Copyright (c) 2020 The Brave Authors. All rights reserved.
 * This Source Code Form is subject to the terms of the Mozilla Public
 * License, v. 2.0. If a copy of the MPL was not distributed with this file,
 * You can obtain one at https://mozilla.org/MPL/2.0/. */

#include "brave/components/brave_ads/browser/component_updater/component_util.h"

#include <array>
#include <cstdint>
#include <string_view>

#include "base/containers/fixed_flat_map.h"
#include "base/containers/map_util.h"
#include "base/types/optional_util.h"
#include "crypto/sha2.h"

namespace brave_ads {

namespace {

constexpr auto kComponents = base::MakeFixedFlatMap<
    std::string_view,
    /*SHA256 hash of public key*/ std::array<uint8_t, crypto::kSHA256Length>>({
    {"AD", {0xfc, 0xbc, 0xd9, 0x58, 0x20, 0xcd, 0xa1, 0xb0, 0xfd, 0xe7, 0xd3,
            0xbd, 0x7a, 0xae, 0x0e, 0x2e, 0xe8, 0x58, 0xa8, 0xde, 0x2d, 0x28,
            0x19, 0x1b, 0x57, 0x1c, 0xa1, 0x15, 0x8b, 0x6f, 0x29, 0xb8}},
    {"AE", {0x09, 0x38, 0x8b, 0xc6, 0x84, 0xd4, 0x3b, 0x6e, 0x7b, 0x39, 0x82,
            0xf2, 0xe5, 0xd2, 0xa3, 0xcd, 0x86, 0x0c, 0x51, 0xe4, 0x93, 0x54,
            0x79, 0xe7, 0xb1, 0x98, 0x2f, 0x00, 0x0f, 0x01, 0xce, 0xe6}},
    {"AF", {0x94, 0xc4, 0xc4, 0x7e, 0xb2, 0xf9, 0xfe, 0x07, 0x8d, 0xdb, 0x05,
            0xe8, 0x0a, 0xdd, 0xc5, 0x6b, 0x0b, 0xf8, 0x9e, 0xd4, 0x65, 0xc2,
            0xc8, 0x2d, 0x10, 0x9e, 0x66, 0x4b, 0x5c, 0x8c, 0xb3, 0xc9}},
    {"AG", {0x21, 0x39, 0xb8, 0x09, 0x80, 0xa8, 0x2c, 0x3e, 0x77, 0x19, 0x16,
            0x66, 0x02, 0x19, 0x3d, 0xcd, 0xb3, 0xa3, 0xb9, 0xda, 0x04, 0xaf,
            0x90, 0xdb, 0xc7, 0x41, 0x70, 0x5b, 0x3b, 0xa8, 0x53, 0x61}},
    {"AI", {0x17, 0x3b, 0xeb, 0x29, 0x94, 0x50, 0x83, 0xe3, 0x65, 0x59, 0x7f,
            0x14, 0x40, 0xf0, 0x1f, 0x6d, 0xf3, 0x6d, 0xc8, 0x0b, 0x1d, 0x3a,
            0x2f, 0x89, 0x56, 0x94, 0xe6, 0xc1, 0x0c, 0x27, 0x67, 0x65}},
    {"AL", {0x0d, 0xba, 0xc1, 0xa1, 0x6b, 0x40, 0x32, 0x02, 0x27, 0x76, 0x3e,
            0x42, 0xbb, 0xfb, 0xba, 0xd1, 0xfa, 0xe7, 0x3c, 0x8e, 0xa5, 0x54,
            0x1a, 0xb0, 0x19, 0xcd, 0xa6, 0x47, 0x5d, 0xf4, 0x75, 0xcf}},
    {"AM", {0x2f, 0xd7, 0x8d, 0x78, 0x75, 0xd7, 0x7c, 0xea, 0xdf, 0x1a, 0x28,
            0x56, 0x03, 0x91, 0x29, 0xd5, 0x16, 0x01, 0xf0, 0xe5, 0x6e, 0x80,
            0x5b, 0x79, 0xc2, 0xd7, 0x41, 0xa8, 0x72, 0x82, 0xbf, 0xa5}},
    {"AO", {0xc0, 0x93, 0x55, 0x6b, 0x72, 0x33, 0x11, 0x0d, 0x9d, 0x75, 0xe2,
            0x06, 0xcc, 0x7e, 0x16, 0x73, 0x6a, 0xbb, 0x1f, 0x30, 0x61, 0x3a,
            0x5e, 0x92, 0xfc, 0x62, 0xd8, 0x60, 0x6a, 0x75, 0x60, 0x38}},
    {"AQ", {0xf1, 0x0d, 0xe8, 0x75, 0xb9, 0x01, 0xd4, 0x87, 0xe1, 0x4f, 0xb1,
            0x28, 0xef, 0x58, 0xb0, 0x9d, 0x03, 0x2f, 0xc2, 0x95, 0x0e, 0x02,
            0x8e, 0x4e, 0xb9, 0x23, 0xec, 0x11, 0xff, 0xbe, 0x5b, 0xf0}},
    {"AR", {0x4d, 0x03, 0xd8, 0x21, 0xff, 0x8c, 0xb1, 0xf8, 0xba, 0x40, 0xe6,
            0xcc, 0x5f, 0x4d, 0xdf, 0x7d, 0x3d, 0x28, 0x6a, 0x98, 0xcf, 0x38,
            0x51, 0xe6, 0x3d, 0x1b, 0xeb, 0xaf, 0x4c, 0x9e, 0xa8, 0x37}},
    {"AS", {0xa6, 0xd7, 0x23, 0x90, 0x26, 0x20, 0xd9, 0xd1, 0x32, 0xcd, 0x63,
            0x4e, 0xd2, 0x2a, 0x5c, 0x57, 0xda, 0xfe, 0xc3, 0xb8, 0x84, 0x24,
            0xe6, 0x6f, 0xc8, 0xa8, 0x94, 0x6d, 0xe8, 0x86, 0x28, 0x65}},
    {"AT", {0x9c, 0xd4, 0xab, 0xc2, 0xe3, 0x2a, 0xcf, 0x8f, 0x84, 0xaa, 0x50,
            0xea, 0xe1, 0x7a, 0x5b, 0x4f, 0xec, 0x07, 0xae, 0x01, 0xb6, 0xb6,
            0x65, 0xb2, 0xac, 0x45, 0x26, 0xa6, 0x9e, 0x02, 0xd7, 0xf3}},
    {"AU", {0xaa, 0xb5, 0x05, 0xeb, 0x1e, 0x91, 0xed, 0xa9, 0x68, 0x5c, 0xca,
            0x3c, 0x00, 0x8c, 0xc8, 0xd9, 0xa1, 0xc6, 0x06, 0xad, 0xc1, 0xa6,
            0x9f, 0xfe, 0x6d, 0x5a, 0x7f, 0xb5, 0x69, 0xe0, 0x9d, 0x06}},
    {"AW", {0xe2, 0x46, 0xa9, 0x91, 0xcb, 0xd8, 0x17, 0x59, 0xc4, 0x80, 0x83,
            0xfb, 0x72, 0x13, 0x7e, 0xc3, 0x28, 0x69, 0x32, 0x8f, 0xc3, 0x80,
            0xe8, 0xb1, 0xd6, 0xb6, 0xfb, 0x2e, 0x27, 0x58, 0xa7, 0x7d}},
    {"AX", {0x75, 0xed, 0x7e, 0xac, 0x6c, 0x98, 0xed, 0x2e, 0xd5, 0xfa, 0xd9,
            0x5f, 0x75, 0x07, 0x3a, 0xbe, 0xac, 0xfb, 0x72, 0xce, 0x33, 0x4b,
            0x66, 0x0f, 0xb6, 0xf1, 0x2c, 0xea, 0x22, 0x1a, 0xa8, 0x0b}},
    {"AZ", {0xbb, 0xc8, 0xad, 0x8e, 0xce, 0x33, 0xcc, 0x67, 0xe3, 0x95, 0x1d,
            0x21, 0x83, 0x9b, 0x77, 0x83, 0xc0, 0x30, 0x8e, 0xcc, 0x63, 0x0d,
            0x28, 0x24, 0x00, 0x73, 0x64, 0x0d, 0x86, 0x1a, 0xfe, 0xd2}},
    {"BA", {0x84, 0x54, 0x00, 0x46, 0xdd, 0xf8, 0x03, 0x95, 0xe4, 0x85, 0x0f,
            0x9c, 0x5b, 0xd1, 0x94, 0x76, 0x63, 0xcb, 0x6f, 0x0e, 0xb3, 0x65,
            0x59, 0xe4, 0xa2, 0x81, 0x0d, 0x30, 0x1a, 0xe5, 0x47, 0x26}},
    {"BB", {0xd3, 0x5d, 0xcb, 0xed, 0xa8, 0xc0, 0x5e, 0x01, 0x40, 0x5d, 0x08,
            0x6d, 0x80, 0xd4, 0x23, 0x75, 0xf7, 0x20, 0xa3, 0x35, 0x68, 0x3b,
            0x72, 0x62, 0xee, 0x97, 0x6c, 0xea, 0xc2, 0xc0, 0x1b, 0x6a}},
    {"BD", {0xff, 0xa6, 0xe1, 0x48, 0x2a, 0x1f, 0x5c, 0xca, 0x17, 0x56, 0xc6,
            0x8b, 0xe4, 0xf3, 0x80, 0x6d, 0x11, 0xb3, 0xf3, 0x46, 0x36, 0x9b,
            0x2c, 0xbc, 0x47, 0x03, 0x50, 0xc9, 0x56, 0xc5, 0xfc, 0xbc}},
    {"BE", {0xbd, 0x13, 0x5c, 0xf9, 0x92, 0xa9, 0x7d, 0xc0, 0x76, 0x3e, 0x9d,
            0x5d, 0xc3, 0xcf, 0x41, 0x5d, 0x9f, 0x96, 0x2e, 0x4d, 0x79, 0xf6,
            0x77, 0xca, 0xba, 0xa0, 0x3a, 0x85, 0xb4, 0x64, 0xf8, 0x7b}},
    {"BF", {0x59, 0x69, 0x0f, 0x04, 0xcd, 0x34, 0xa7, 0xd5, 0x4e, 0xf4, 0xe4,
            0x09, 0x5f, 0xcb, 0x64, 0xce, 0x5e, 0x60, 0xc6, 0x4f, 0xd0, 0x98,
            0xd6, 0xe9, 0xe7, 0x33, 0xdd, 0xb8, 0xfb, 0x27, 0xce, 0x93}},
    {"BG", {0x07, 0x71, 0xfe, 0xd7, 0x9e, 0x76, 0x85, 0x79, 0x19, 0x66, 0x05,
            0x1e, 0x55, 0x18, 0xcc, 0xc6, 0x9f, 0x08, 0xbe, 0x4c, 0xbf, 0x07,
            0xa5, 0x1b, 0xa3, 0x85, 0x15, 0x97, 0x67, 0x9c, 0x55, 0x12}},
    {"BH", {0xc4, 0x6e, 0x84, 0x41, 0x94, 0xcf, 0xce, 0x12, 0xae, 0x22, 0x8e,
            0x96, 0x57, 0x5c, 0x84, 0x91, 0xf7, 0xd8, 0xc2, 0x1e, 0x93, 0xfe,
            0xe4, 0xa0, 0x62, 0x68, 0x42, 0x67, 0x16, 0x58, 0xb3, 0x20}},
    {"BI", {0x25, 0x11, 0x07, 0x88, 0xcb, 0x03, 0x3a, 0x71, 0xbf, 0xaa, 0xea,
            0xac, 0x4c, 0xbc, 0xa1, 0x74, 0x33, 0x19, 0x35, 0x8f, 0xe4, 0x7f,
            0xf3, 0x57, 0x18, 0x57, 0xd3, 0xf2, 0x65, 0x23, 0xc0, 0x85}},
    {"BJ", {0x98, 0xe3, 0xc6, 0xca, 0x8a, 0x51, 0xa2, 0x76, 0x4d, 0xb0, 0xce,
            0x01, 0x15, 0xde, 0x1d, 0x57, 0x52, 0xf1, 0x95, 0x9d, 0x10, 0x15,
            0xef, 0x58, 0xd1, 0x54, 0x36, 0xca, 0x89, 0xe6, 0xac, 0x70}},
    {"BL", {0x59, 0x45, 0x7e, 0x7c, 0x5c, 0xea, 0x9c, 0xd8, 0x10, 0xc9, 0xdf,
            0x80, 0x58, 0xac, 0xcb, 0x45, 0x25, 0x65, 0xc1, 0xda, 0x70, 0xd9,
            0x23, 0xfd, 0xff, 0x02, 0x83, 0xee, 0xc5, 0x28, 0x94, 0xf0}},
    {"BM", {0x04, 0x85, 0x5c, 0xb2, 0x26, 0x40, 0x02, 0x45, 0xa5, 0xad, 0xe3,
            0xcd, 0x41, 0x0d, 0x4a, 0x1e, 0xea, 0xa7, 0x32, 0x17, 0x02, 0x4f,
            0x2b, 0x09, 0xfe, 0xc6, 0xcd, 0x68, 0xf6, 0xad, 0xee, 0x50}},
    {"BN", {0x62, 0x8a, 0xc8, 0x66, 0x70, 0x6a, 0xb8, 0x6f, 0x8b, 0x4e, 0x4a,
            0x59, 0xce, 0x7e, 0xa9, 0x7c, 0x2d, 0x74, 0x4e, 0xfd, 0xd8, 0xb6,
            0x08, 0xbd, 0x68, 0x66, 0xef, 0x1a, 0x5e, 0xb8, 0xcf, 0x73}},
    {"BO", {0x36, 0x6f, 0xbc, 0x91, 0x90, 0xbf, 0x36, 0xd3, 0xa8, 0x6e, 0x9f,
            0x8a, 0x1b, 0x08, 0x5b, 0xa4, 0xf1, 0xd1, 0x5f, 0x43, 0x71, 0x18,
            0x96, 0xa1, 0x61, 0xd6, 0xd1, 0x94, 0xfb, 0xb8, 0xf4, 0x28}},
    {"BQ", {0x91, 0x81, 0xf4, 0x39, 0xe3, 0x48, 0x63, 0xe8, 0xcb, 0x6f, 0x8a,
            0xf7, 0x00, 0x17, 0x31, 0x84, 0x59, 0x13, 0x9c, 0x0e, 0x60, 0x45,
            0x27, 0x56, 0xc6, 0xcc, 0xe1, 0x48, 0xe2, 0xec, 0xc8, 0x70}},
    {"BR", {0x51, 0xfc, 0x19, 0x22, 0xd0, 0x04, 0xe6, 0xe6, 0x4b, 0x3b, 0xec,
            0x2c, 0xb7, 0xbb, 0x60, 0x94, 0xfb, 0xfc, 0x00, 0x1e, 0xa1, 0x0a,
            0x3d, 0xa6, 0x77, 0x34, 0xab, 0xbc, 0x5e, 0x3a, 0xd0, 0x06}},
    {"BS", {0x00, 0xe8, 0xfc, 0xa0, 0xa3, 0xb3, 0xb8, 0xff, 0xe0, 0xe2, 0xe4,
            0x6d, 0xd5, 0xdf, 0x2e, 0xa9, 0x4a, 0x93, 0xa5, 0xbe, 0xd5, 0x04,
            0x3a, 0x19, 0x0f, 0x76, 0x77, 0xb9, 0x9b, 0x1d, 0xfc, 0xee}},
    {"BT", {0x74, 0xc2, 0x2e, 0xc1, 0x93, 0x04, 0xf9, 0xd7, 0x73, 0xfb, 0x78,
            0x04, 0x30, 0x02, 0xae, 0xe0, 0x68, 0xdf, 0x0c, 0x89, 0x9d, 0x4b,
            0xb4, 0x54, 0xd9, 0x54, 0xc1, 0x56, 0xbc, 0x52, 0x30, 0xc8}},
    {"BV", {0xa5, 0x8c, 0x7b, 0x73, 0xb7, 0x8c, 0x07, 0x45, 0x82, 0xec, 0x20,
            0x77, 0x10, 0x82, 0xe4, 0xb4, 0x01, 0xee, 0xc0, 0x87, 0x3d, 0xc6,
            0xbb, 0x4f, 0x1a, 0x89, 0x68, 0xf4, 0x1c, 0x63, 0x49, 0xdf}},
    {"BW", {0x15, 0x30, 0x62, 0xd5, 0xc5, 0x08, 0x3a, 0xa9, 0x2c, 0x59, 0xce,
            0x68, 0x45, 0xe8, 0x6b, 0x4c, 0x85, 0xc6, 0xad, 0x5d, 0x17, 0x42,
            0x29, 0xe7, 0x2b, 0x43, 0x61, 0x2c, 0xa2, 0xb1, 0x96, 0x16}},
    {"BY", {0x0f, 0xd3, 0xc9, 0x32, 0x51, 0x76, 0x52, 0x22, 0x23, 0xcc, 0x4e,
            0x5f, 0x36, 0xdb, 0x11, 0x85, 0x6b, 0x0c, 0x5c, 0x92, 0x1b, 0x63,
            0x0e, 0x53, 0xe3, 0x40, 0x95, 0xb3, 0xbc, 0xb0, 0x0c, 0xfd}},
    {"BZ", {0x34, 0xc4, 0x65, 0x75, 0x4a, 0xd2, 0xd4, 0xe2, 0x3b, 0x5b, 0x0d,
            0x36, 0x46, 0xf2, 0xee, 0x59, 0x0e, 0xb2, 0x4b, 0x53, 0xb1, 0xc2,
            0x2d, 0x20, 0xa8, 0x15, 0x92, 0x08, 0x83, 0x04, 0x40, 0xca}},
    {"CA", {0xb6, 0x49, 0x38, 0x0c, 0x43, 0xdb, 0x04, 0x8a, 0xd7, 0xdd, 0x9d,
            0xae, 0x5c, 0x0f, 0x51, 0x15, 0xa5, 0x73, 0x04, 0xd1, 0xbd, 0x96,
            0xa8, 0xe2, 0x36, 0x00, 0xb3, 0x14, 0xc9, 0x1a, 0xb3, 0x75}},
    {"CC", {0xfd, 0x5e, 0x6e, 0x89, 0x46, 0x9a, 0x4f, 0x49, 0x30, 0x14, 0x73,
            0x50, 0x31, 0xaf, 0x6e, 0x43, 0x8b, 0x16, 0x37, 0x7b, 0x2c, 0x5c,
            0x75, 0xd0, 0x0e, 0x1b, 0x40, 0x74, 0x85, 0x8a, 0x1f, 0x30}},
    {"CD", {0xa8, 0x6d, 0x41, 0xe5, 0x2c, 0x26, 0xc9, 0x58, 0x0f, 0x8b, 0x63,
            0x5a, 0x14, 0xac, 0xa3, 0xc6, 0x08, 0x0a, 0xa9, 0x29, 0xb2, 0xa7,
            0x3a, 0xb0, 0x1e, 0x44, 0xc6, 0x84, 0xa9, 0x81, 0x5c, 0x80}},
    {"CF", {0xb9, 0x54, 0xe3, 0x34, 0x96, 0x23, 0xe5, 0x6d, 0xf6, 0xb9, 0x04,
            0x80, 0x4c, 0x58, 0xc6, 0x49, 0x40, 0xe2, 0x2e, 0xc0, 0xf5, 0xe8,
            0x8e, 0xfd, 0xa7, 0xa2, 0x37, 0x22, 0x1f, 0xe8, 0xe6, 0x15}},
    {"CG", {0x7a, 0x6d, 0xd1, 0x9c, 0x52, 0x4b, 0xc4, 0x7c, 0xf7, 0x71, 0x98,
            0x64, 0x3a, 0xd9, 0xe1, 0x00, 0xc1, 0x32, 0x0c, 0x69, 0xeb, 0x68,
            0x5a, 0xf4, 0x16, 0xbf, 0xc1, 0x4b, 0xf7, 0xf8, 0xb7, 0xaf}},
    {"CH", {0x6d, 0x0c, 0x73, 0xb4, 0x0b, 0xf5, 0x10, 0xd0, 0xff, 0xe4, 0xf7,
            0x53, 0x94, 0xe4, 0x76, 0x63, 0x67, 0x2c, 0xfd, 0x20, 0x74, 0xf9,
            0x32, 0x38, 0x2a, 0xc0, 0x3c, 0x71, 0x1c, 0x33, 0xb1, 0xf8}},
    {"CI", {0xde, 0xf2, 0x16, 0xbe, 0xbe, 0x2f, 0x72, 0x34, 0x8a, 0x5a, 0xe4,
            0xff, 0xa7, 0x89, 0x02, 0x89, 0xe6, 0xdf, 0x9a, 0xab, 0x58, 0x64,
            0x69, 0x94, 0x03, 0xe0, 0x9b, 0x42, 0xc2, 0x0f, 0x51, 0xfc}},
    {"CK", {0x2b, 0x26, 0x7b, 0xa8, 0xd4, 0x2a, 0x4d, 0x35, 0x7a, 0x63, 0xfa,
            0xfb, 0xe5, 0xad, 0xe5, 0x9e, 0x97, 0x45, 0x1d, 0x4a, 0x54, 0xfa,
            0x4c, 0xe6, 0xe0, 0xfe, 0xd5, 0x39, 0x33, 0x1d, 0x0b, 0x15}},
    {"CL", {0x61, 0x15, 0x9d, 0xdf, 0x4b, 0xe2, 0xab, 0x98, 0xa2, 0xc9, 0xa4,
            0xe3, 0xb0, 0x41, 0x9e, 0xac, 0x9f, 0x87, 0x16, 0xb2, 0x2f, 0x62,
            0xc9, 0xc6, 0x5d, 0xc0, 0x64, 0x0b, 0xb8, 0xb9, 0x38, 0x41}},
    {"CM", {0xcc, 0x85, 0xb5, 0x83, 0xb6, 0xe4, 0x7a, 0x77, 0xa4, 0xe3, 0x53,
            0x9f, 0x1a, 0xa9, 0x03, 0x68, 0x40, 0xf6, 0x6a, 0xb9, 0x08, 0xe7,
            0xb0, 0xd3, 0x21, 0xfb, 0xb0, 0x1c, 0x0f, 0x69, 0x7b, 0x69}},
    {"CN", {0x65, 0x22, 0x5f, 0x38, 0x90, 0x91, 0xb5, 0xda, 0xc3, 0x31, 0x5b,
            0xf7, 0x88, 0x81, 0x85, 0x8a, 0x35, 0x36, 0xb7, 0xbd, 0xa8, 0xa8,
            0x86, 0x3e, 0x69, 0x44, 0x0a, 0x5f, 0x62, 0x1a, 0xde, 0x02}},
    {"CO", {0x24, 0x68, 0x02, 0x42, 0xa7, 0x10, 0x6c, 0xc5, 0x2e, 0x44, 0x14,
            0x67, 0x83, 0x36, 0x71, 0xaa, 0x26, 0xdb, 0x18, 0x18, 0x1d, 0x36,
            0x2c, 0xfc, 0x5d, 0x6b, 0xe8, 0x79, 0x93, 0xfd, 0x59, 0x5d}},
    {"CR", {0x7c, 0xce, 0x81, 0xc9, 0x62, 0xa1, 0x44, 0x9c, 0x25, 0x5b, 0xdd,
            0x64, 0x02, 0x0a, 0xb2, 0x71, 0xbb, 0xa9, 0x27, 0x0c, 0xfd, 0xee,
            0xe1, 0xbc, 0xc2, 0xa3, 0x45, 0x27, 0x98, 0xe0, 0xa9, 0x57}},
    {"CU", {0xc3, 0xef, 0x3c, 0x0b, 0xd2, 0x50, 0xaa, 0x8c, 0xbe, 0x98, 0xe8,
            0x27, 0x91, 0x41, 0x20, 0x8f, 0x2b, 0x56, 0xc1, 0xcf, 0x1a, 0x8a,
            0x37, 0x54, 0xe6, 0x3a, 0x8e, 0x57, 0x82, 0xe9, 0x25, 0x66}},
    {"CV", {0xe4, 0xd4, 0xe3, 0x42, 0xa8, 0xe6, 0x7c, 0x7e, 0xaa, 0xc2, 0x18,
            0x95, 0x0d, 0x91, 0x0d, 0xef, 0x01, 0xb2, 0x56, 0x1b, 0xf2, 0xb1,
            0x13, 0x31, 0xd1, 0x45, 0x83, 0xe1, 0xfd, 0x2d, 0xb1, 0x42}},
    {"CW", {0x1e, 0x44, 0x2d, 0xd9, 0x07, 0xf0, 0x77, 0xe2, 0xa6, 0x32, 0x13,
            0xb0, 0x8c, 0xf2, 0x5b, 0x86, 0xcc, 0x06, 0x1c, 0x3d, 0x63, 0x89,
            0x32, 0x17, 0xa6, 0x59, 0x58, 0x36, 0xeb, 0xbc, 0xea, 0xbe}},
    {"CX", {0xc9, 0x4d, 0xd5, 0x18, 0xc0, 0x05, 0x62, 0xe4, 0xab, 0xee, 0x9c,
            0x17, 0xda, 0xef, 0x76, 0xd8, 0xe7, 0x67, 0x84, 0x4c, 0xde, 0x68,
            0xb3, 0xbf, 0xb2, 0xae, 0x16, 0xf7, 0xbc, 0x4d, 0x03, 0x91}},
    {"CY", {0x7a, 0xdc, 0x8d, 0xda, 0x62, 0x90, 0x58, 0xf8, 0xf1, 0x10, 0xba,
            0x0a, 0xff, 0x47, 0xaf, 0x9d, 0x97, 0xe1, 0x80, 0x32, 0xd4, 0xe8,
            0x58, 0x57, 0x4a, 0x67, 0x78, 0xcd, 0xba, 0x46, 0x27, 0x4e}},
    {"CZ", {0x84, 0x94, 0xaa, 0x8a, 0xf3, 0x31, 0x1e, 0x2a, 0xeb, 0x30, 0x6c,
            0x52, 0x31, 0x55, 0xec, 0x52, 0xb0, 0x7d, 0x13, 0x90, 0x54, 0x5a,
            0x72, 0xaa, 0x01, 0x5d, 0x63, 0xa2, 0x3f, 0xb9, 0x27, 0x72}},
    {"DE", {0x92, 0xd2, 0xe7, 0x48, 0x74, 0x17, 0x78, 0x4c, 0xc1, 0xcf, 0x57,
            0xa2, 0x4e, 0xc5, 0x8f, 0x19, 0xa7, 0x04, 0xd6, 0x40, 0x60, 0xae,
            0x72, 0x37, 0x7d, 0x66, 0x6a, 0xeb, 0x4c, 0x9d, 0x8c, 0x69}},
    {"DJ", {0xf7, 0x87, 0x77, 0xd4, 0xb5, 0x2b, 0xec, 0x7e, 0x37, 0x60, 0xbe,
            0xeb, 0x39, 0x64, 0x96, 0x5b, 0x58, 0x8b, 0x22, 0xa0, 0xc8, 0xab,
            0xe8, 0xe0, 0xa2, 0x7b, 0x58, 0x93, 0x7c, 0xc4, 0xc8, 0x22}},
    {"DK", {0xac, 0x5a, 0x1e, 0xd7, 0x2e, 0xdb, 0x18, 0x4f, 0xb0, 0xcd, 0x8a,
            0x43, 0x65, 0x16, 0x60, 0x8b, 0xad, 0xd3, 0x0a, 0xa7, 0xed, 0x4e,
            0x3a, 0x28, 0x8f, 0xef, 0xf4, 0x93, 0xf4, 0xd7, 0xc9, 0x7e}},
    {"DM", {0xe1, 0x87, 0xd7, 0x8c, 0x61, 0x44, 0xd9, 0x65, 0xdb, 0x23, 0x15,
            0x36, 0xaa, 0x64, 0xe6, 0x3f, 0x5d, 0xff, 0xf7, 0xbc, 0x57, 0x38,
            0x44, 0xf9, 0x45, 0x6b, 0xdb, 0x12, 0x8a, 0x9c, 0x3e, 0xf8}},
    {"DO", {0x62, 0x80, 0xe1, 0x0d, 0xc3, 0xb5, 0xa4, 0x68, 0x8a, 0x76, 0x3e,
            0xe6, 0x46, 0x46, 0x77, 0x27, 0x5d, 0xa0, 0xb4, 0xc8, 0x74, 0x78,
            0x84, 0x64, 0x93, 0xec, 0x57, 0x3c, 0x16, 0xea, 0x08, 0x46}},
    {"DZ", {0x8c, 0xee, 0xb7, 0x47, 0x9d, 0xf4, 0x12, 0x94, 0x2e, 0x8d, 0xf7,
            0xce, 0x78, 0x7c, 0x12, 0x29, 0x69, 0xf9, 0x9f, 0xe5, 0xf2, 0x76,
            0xea, 0x72, 0x41, 0x41, 0x5f, 0x20, 0xf8, 0xb1, 0x70, 0x75}},
    {"EC", {0x8c, 0xdf, 0x1c, 0xfd, 0xcb, 0xca, 0x9f, 0x65, 0xd5, 0x4f, 0xb8,
            0xa8, 0xd6, 0x9a, 0xbf, 0x49, 0x2e, 0x5c, 0x4a, 0xd6, 0xd2, 0xcd,
            0xeb, 0x80, 0x3d, 0xfd, 0xc4, 0x5e, 0xe3, 0x2b, 0x67, 0x09}},
    {"EE", {0x93, 0x86, 0x66, 0x8f, 0xbc, 0x9b, 0xe2, 0x3e, 0xf1, 0x3c, 0x98,
            0x12, 0xaf, 0x0c, 0x86, 0x89, 0xf7, 0x7a, 0xf9, 0x50, 0x49, 0x3f,
            0x2e, 0x5c, 0x40, 0xd9, 0x0f, 0x44, 0x5b, 0x1b, 0x89, 0xcb}},
    {"EG", {0xe9, 0x5a, 0x31, 0x58, 0x15, 0xb5, 0x49, 0xe1, 0x4e, 0x37, 0xe4,
            0xf6, 0x76, 0xe6, 0x7a, 0x88, 0xf6, 0x30, 0x24, 0xd2, 0xa4, 0xf8,
            0xd7, 0x2e, 0x4b, 0x23, 0x52, 0x1b, 0xfa, 0x7a, 0x09, 0xf9}},
    {"EH", {0x59, 0x7a, 0xe4, 0x86, 0xb0, 0x77, 0xf2, 0xc6, 0x5f, 0x0b, 0x62,
            0xa2, 0x0e, 0x08, 0x59, 0xad, 0x3d, 0x41, 0xae, 0x61, 0x16, 0x2c,
            0x3b, 0x5b, 0x64, 0x31, 0x08, 0x47, 0x02, 0xdd, 0xde, 0x06}},
    {"ER", {0x38, 0x02, 0x5f, 0x0f, 0x4b, 0x0d, 0x51, 0xac, 0x47, 0x3f, 0x00,
            0xe7, 0xcd, 0xaa, 0xd6, 0x64, 0x89, 0x14, 0x0a, 0x90, 0x4b, 0xae,
            0xd4, 0x21, 0x7a, 0x26, 0xa0, 0xad, 0x77, 0x9b, 0x25, 0x45}},
    {"ES", {0x60, 0xdc, 0x1c, 0x84, 0x14, 0xbf, 0x3b, 0xde, 0x7d, 0x01, 0x6a,
            0xae, 0x27, 0xeb, 0x4b, 0x1f, 0x3f, 0x59, 0x54, 0x2e, 0x69, 0x79,
            0x8a, 0x9f, 0x4d, 0xca, 0xb3, 0x86, 0x82, 0x8f, 0x94, 0x37}},
    {"ET", {0xb1, 0x80, 0x62, 0x33, 0xc5, 0x0f, 0x95, 0x14, 0x12, 0x2e, 0xb2,
            0x07, 0x5f, 0xf0, 0x8c, 0xce, 0x2c, 0x20, 0x96, 0x4d, 0x70, 0x56,
            0x8a, 0x60, 0x45, 0x80, 0x58, 0x13, 0xde, 0x88, 0x2a, 0x37}},
    {"FI", {0x42, 0xd4, 0x4b, 0x5e, 0x85, 0xf6, 0xd8, 0x6d, 0x78, 0xf3, 0x41,
            0x71, 0xa6, 0x2f, 0x7c, 0x82, 0xdb, 0x59, 0x88, 0x18, 0xba, 0x3e,
            0x4a, 0x97, 0xa2, 0x09, 0xf4, 0x2f, 0xbe, 0xda, 0x3d, 0x4d}},
    {"FJ", {0x18, 0xe1, 0x7a, 0x8e, 0xd1, 0xbb, 0xd5, 0xb9, 0x00, 0xfe, 0x25,
            0xf3, 0xc7, 0x0c, 0x43, 0xa5, 0x30, 0x87, 0xa8, 0xf6, 0xcb, 0x55,
            0x6f, 0xa8, 0x9e, 0x39, 0xfb, 0x85, 0xed, 0xf4, 0xeb, 0x84}},
    {"FK", {0x0e, 0x64, 0x07, 0xc0, 0x47, 0x6d, 0xae, 0x1a, 0xcd, 0xca, 0x7a,
            0x8c, 0x39, 0xf6, 0x56, 0x4d, 0x09, 0xb8, 0x42, 0xe6, 0x67, 0x43,
            0x8f, 0x07, 0xcb, 0xf7, 0x23, 0xe6, 0xe2, 0x20, 0x03, 0x67}},
    {"FM", {0xf9, 0x86, 0xb0, 0x45, 0xf2, 0x7d, 0x4a, 0xf1, 0xa1, 0x5d, 0x69,
            0xd5, 0x7b, 0x2c, 0x76, 0x1a, 0x71, 0xd4, 0x22, 0x9d, 0x00, 0xb7,
            0x99, 0xe9, 0x0d, 0x84, 0x3f, 0x77, 0xf9, 0x89, 0xf4, 0x76}},
    {"FO", {0xce, 0xbf, 0x83, 0xc2, 0xc1, 0xc7, 0x18, 0x22, 0xac, 0x1e, 0xf1,
            0xc8, 0xe9, 0x33, 0x41, 0xa4, 0xf2, 0x01, 0x6c, 0xf0, 0x49, 0x9f,
            0x7b, 0x78, 0xae, 0x54, 0x1f, 0x73, 0xee, 0xaf, 0x9a, 0xd0}},
    {"FR", {0x16, 0x85, 0x06, 0xe2, 0xb2, 0xb7, 0x7e, 0x5b, 0xe2, 0x34, 0x58,
            0xab, 0x6e, 0x3f, 0x87, 0xe6, 0x29, 0x67, 0xcc, 0xa1, 0xf3, 0x25,
            0x15, 0x02, 0xdf, 0x3a, 0xfe, 0xca, 0x02, 0x8f, 0x10, 0xba}},
    {"GA", {0xd2, 0x7d, 0x2b, 0x4e, 0xaa, 0xaa, 0x35, 0x61, 0x6c, 0x4d, 0xaf,
            0xac, 0x7d, 0xb1, 0x81, 0xc6, 0x8d, 0xee, 0x93, 0x93, 0xa7, 0x59,
            0x49, 0x45, 0x6b, 0xcb, 0xcb, 0xeb, 0x5e, 0x7f, 0xf5, 0x55}},
    {"GB", {0x2c, 0x3b, 0x4c, 0xb3, 0x70, 0x16, 0xc4, 0x95, 0xe6, 0xd1, 0x73,
            0x49, 0x4d, 0x35, 0x48, 0xa3, 0xb2, 0x4d, 0x46, 0x84, 0xa3, 0x6b,
            0x6b, 0xff, 0x0d, 0xdd, 0x40, 0x9f, 0x98, 0x47, 0x96, 0x2c}},
    {"GD", {0xa1, 0xbb, 0xdb, 0x50, 0x0e, 0xed, 0x1b, 0x84, 0xd3, 0xb7, 0xce,
            0xb4, 0x5b, 0x63, 0x4a, 0xa8, 0x94, 0x30, 0xb0, 0x30, 0xa3, 0x94,
            0xdb, 0xab, 0x14, 0xda, 0x0a, 0x28, 0x5c, 0x1d, 0xb6, 0xe0}},
    {"GE", {0xa0, 0x8a, 0x7b, 0xb3, 0x5a, 0x39, 0x63, 0x39, 0x3a, 0x0d, 0x69,
            0xe1, 0x07, 0xea, 0x45, 0x41, 0x23, 0x28, 0x9a, 0xf3, 0xb6, 0x35,
            0xe1, 0xa2, 0xa6, 0x32, 0x7a, 0x2a, 0xae, 0xad, 0x2b, 0x83}},
    {"GF", {0xc7, 0xc5, 0x2b, 0x05, 0x44, 0xc8, 0xf7, 0x54, 0x17, 0xde, 0x18,
            0xda, 0xfb, 0x1c, 0xfe, 0x2c, 0xc2, 0x86, 0x9f, 0x17, 0xa9, 0x43,
            0xc4, 0x28, 0x85, 0xb6, 0x27, 0xf8, 0x6e, 0x8b, 0x0a, 0x2c}},
    {"GG", {0xd2, 0xb3, 0x16, 0xeb, 0xac, 0xb6, 0x5a, 0xe8, 0x6d, 0xa3, 0x94,
            0x78, 0x03, 0xd5, 0xcb, 0x83, 0x69, 0x49, 0xea, 0xd7, 0xa4, 0x8d,
            0x60, 0x30, 0x41, 0x73, 0xc8, 0xb7, 0x82, 0x0f, 0xf4, 0x28}},
    {"GH", {0xf0, 0xdb, 0xa2, 0x8f, 0xd4, 0xd8, 0x8a, 0xfb, 0xf9, 0xde, 0x33,
            0xd7, 0xed, 0x9b, 0x91, 0x3f, 0x36, 0xb2, 0x11, 0xee, 0x9f, 0xf6,
            0x92, 0xbb, 0x0d, 0xee, 0xb2, 0x67, 0xb8, 0x1f, 0x16, 0xd0}},
    {"GI", {0xf8, 0x10, 0xf0, 0xbb, 0x2c, 0xd2, 0x90, 0x93, 0xe0, 0xc6, 0x3d,
            0xc6, 0x21, 0x45, 0x4a, 0x6d, 0xc8, 0x1b, 0xdc, 0x62, 0x6c, 0x0d,
            0xa3, 0xf6, 0x97, 0xc6, 0x8f, 0x55, 0x56, 0xfe, 0xae, 0x29}},
    {"GL", {0x69, 0xad, 0x4a, 0xcd, 0x90, 0xb2, 0x7c, 0x59, 0x14, 0x28, 0x5a,
            0xee, 0x72, 0xcb, 0xeb, 0x7f, 0x99, 0x36, 0x13, 0x51, 0xf6, 0x2f,
            0x66, 0xb2, 0x5b, 0x2b, 0x47, 0x86, 0x1f, 0x48, 0x3c, 0x04}},
    {"GM", {0x0b, 0x41, 0x85, 0x22, 0x53, 0xf2, 0x6f, 0x0d, 0x3d, 0x6c, 0x0b,
            0x2b, 0xf1, 0x9f, 0x08, 0x0a, 0x72, 0x0e, 0x20, 0x1e, 0x67, 0x25,
            0x31, 0xcc, 0x1e, 0x10, 0xda, 0x4c, 0x95, 0xdf, 0x01, 0xf5}},
    {"GN", {0x62, 0x56, 0x3a, 0xc4, 0x62, 0x90, 0x24, 0x4e, 0x58, 0x61, 0x01,
            0xc9, 0x98, 0xe9, 0x36, 0xd1, 0xc1, 0xc0, 0x4e, 0xe0, 0xa0, 0xac,
            0x57, 0x9f, 0x58, 0x4f, 0x3e, 0x12, 0x95, 0x93, 0xab, 0xba}},
    {"GP", {0xa4, 0x66, 0x3b, 0x6a, 0x25, 0xcc, 0xef, 0x6d, 0xe6, 0xad, 0xea,
            0x8e, 0x29, 0x98, 0x40, 0xfc, 0x8a, 0x68, 0xb7, 0xd7, 0xfd, 0x1a,
            0x9d, 0xc4, 0x3b, 0x8e, 0xe0, 0xcd, 0x08, 0x1a, 0x33, 0xf0}},
    {"GQ", {0x6d, 0x28, 0x7c, 0x60, 0xa7, 0xb9, 0x3b, 0xa0, 0x38, 0x1b, 0x37,
            0x35, 0xde, 0x25, 0xfb, 0x28, 0xf1, 0x26, 0x1b, 0x8d, 0x31, 0xf8,
            0x2c, 0xb1, 0x10, 0xcb, 0x78, 0x2a, 0x81, 0xb0, 0x83, 0xdf}},
    {"GR", {0xe2, 0x74, 0xcf, 0xb6, 0xcb, 0x6b, 0x8b, 0x05, 0xb5, 0x9d, 0xcd,
            0x6f, 0x5c, 0xfc, 0x96, 0xd1, 0xb2, 0xba, 0x18, 0xe8, 0xd4, 0xbc,
            0x48, 0x72, 0x72, 0xfb, 0xc3, 0x62, 0x1d, 0x06, 0xc5, 0x33}},
    {"GS", {0x67, 0x2b, 0x55, 0xbe, 0x63, 0x57, 0xd9, 0x28, 0x8b, 0x42, 0x4e,
            0xe5, 0xc7, 0xad, 0x46, 0x6f, 0x7d, 0xf6, 0xbb, 0xd9, 0xe2, 0xc6,
            0x5e, 0x21, 0xc1, 0x8c, 0xb1, 0x6d, 0x66, 0xc1, 0x0d, 0x7b}},
    {"GT", {0x93, 0x70, 0x14, 0x42, 0xfe, 0xbd, 0x93, 0x8f, 0xb1, 0x2f, 0x9b,
            0xe7, 0xcb, 0x63, 0x96, 0x97, 0x43, 0x22, 0x4c, 0xef, 0xf3, 0x62,
            0x25, 0xfd, 0x8c, 0x02, 0x44, 0x76, 0x5a, 0xf5, 0x89, 0x49}},
    {"GU", {0xc5, 0xd1, 0x4e, 0x54, 0xb1, 0x20, 0x17, 0xbe, 0x81, 0x7f, 0xab,
            0x55, 0x88, 0x59, 0x23, 0x5b, 0x56, 0xa0, 0xdf, 0x08, 0x95, 0x13,
            0x5c, 0xcd, 0xc7, 0x07, 0x09, 0x28, 0x84, 0xee, 0x00, 0xac}},
    {"GW", {0xa7, 0x44, 0x92, 0x96, 0x62, 0x46, 0x79, 0x38, 0xd1, 0x2a, 0xb4,
            0x75, 0xae, 0x1b, 0xe1, 0xe2, 0xf9, 0x05, 0x42, 0x6c, 0x5f, 0x2a,
            0xcd, 0x75, 0xd9, 0x77, 0xf2, 0x86, 0x78, 0xe4, 0xcb, 0x7b}},
    {"GY", {0x54, 0x7f, 0x17, 0x31, 0x9f, 0xd0, 0x81, 0x7d, 0x2f, 0x44, 0x35,
            0xae, 0x68, 0x80, 0x92, 0xd4, 0xd8, 0xeb, 0x52, 0xe5, 0x94, 0x81,
            0xd0, 0x80, 0xc2, 0x66, 0xa0, 0x21, 0x8b, 0x14, 0xd4, 0x7f}},
    {"HK", {0xfb, 0xf2, 0xf2, 0xb1, 0xfa, 0x8b, 0x22, 0x14, 0x65, 0x1f, 0x43,
            0x88, 0x3c, 0x49, 0x00, 0x72, 0x04, 0xf9, 0x12, 0x61, 0x3f, 0x38,
            0xa3, 0x32, 0x00, 0x9f, 0xdc, 0xa0, 0x7b, 0xcc, 0x34, 0x1f}},
    {"HM", {0xa5, 0x94, 0xe4, 0x4a, 0x92, 0x28, 0x1f, 0xe2, 0xa3, 0x92, 0x39,
            0x16, 0x06, 0x00, 0xef, 0x39, 0xaf, 0xf1, 0xd7, 0x6f, 0x4d, 0x8d,
            0xde, 0xf6, 0x93, 0xfc, 0x7d, 0xfc, 0x3e, 0x01, 0xb9, 0x12}},
    {"HN", {0xbb, 0xcc, 0x5e, 0x52, 0xe9, 0x62, 0x86, 0xd5, 0xd0, 0xe3, 0x73,
            0x73, 0x7f, 0x77, 0xc5, 0xc5, 0x11, 0xbb, 0xb5, 0x61, 0x46, 0x84,
            0xaf, 0x41, 0x71, 0xfb, 0xa5, 0x0b, 0x49, 0x7d, 0x6b, 0xf2}},
    {"HR", {0xc9, 0x7d, 0xfc, 0x60, 0x5a, 0xc8, 0xb3, 0xb9, 0x41, 0x09, 0x81,
            0x67, 0x4c, 0xb1, 0x55, 0xd8, 0x12, 0x20, 0xeb, 0xa3, 0x65, 0xff,
            0xee, 0x7f, 0x5d, 0x11, 0x4a, 0x41, 0x7c, 0xa5, 0x4b, 0xce}},
    {"HT", {0xfa, 0xfc, 0x42, 0xb9, 0x71, 0x91, 0x88, 0x21, 0xd5, 0x25, 0x6f,
            0x6c, 0xf4, 0x7b, 0x34, 0xcc, 0x1e, 0xd5, 0xe9, 0x2c, 0xfb, 0xa1,
            0x58, 0x4c, 0x57, 0x6e, 0x4c, 0x93, 0x9b, 0x60, 0x96, 0x15}},
    {"HU", {0xfe, 0x57, 0xd5, 0x7a, 0xed, 0xf9, 0x4f, 0x7b, 0x29, 0xbc, 0x19,
            0xcb, 0x8a, 0x80, 0x33, 0xe2, 0x93, 0x60, 0xd4, 0x48, 0x92, 0x25,
            0x12, 0x33, 0x0b, 0x95, 0xd0, 0x60, 0xc3, 0x39, 0x4c, 0x8c}},
    {"ID", {0xb0, 0xd8, 0xcc, 0x8f, 0xb9, 0xb1, 0x3d, 0x09, 0xa0, 0x10, 0xe8,
            0xab, 0xdf, 0x20, 0xe0, 0xaf, 0xe0, 0x24, 0xc5, 0x47, 0xd1, 0x3a,
            0x1e, 0x01, 0xb4, 0xc9, 0x9f, 0x7c, 0x77, 0xb2, 0x96, 0xcc}},
    {"IE", {0x51, 0xc5, 0x4b, 0x70, 0x8f, 0xdb, 0x82, 0xe3, 0x81, 0x79, 0xac,
            0x40, 0x51, 0x26, 0xf5, 0xdc, 0x8e, 0x49, 0xdf, 0xd3, 0x17, 0x6d,
            0x49, 0xb1, 0x45, 0xff, 0x4b, 0x84, 0xef, 0xc3, 0x3b, 0x96}},
    {"IL", {0x58, 0xe3, 0x7c, 0x33, 0xb6, 0xa6, 0x09, 0x17, 0xe7, 0x53, 0xca,
            0xb8, 0x8a, 0x83, 0xc0, 0xec, 0x46, 0x04, 0x43, 0x54, 0x99, 0x95,
            0x9e, 0x4e, 0x29, 0x53, 0x43, 0xf2, 0x41, 0x56, 0xb6, 0x62}},
    {"IM", {0x1b, 0xe5, 0x42, 0xfb, 0x4f, 0xf5, 0xe3, 0xed, 0x0d, 0x55, 0x31,
            0x4f, 0x18, 0x89, 0xca, 0xbc, 0xd0, 0xec, 0x33, 0x8e, 0x63, 0x3a,
            0x8a, 0x55, 0xf7, 0x7c, 0xfb, 0x8c, 0xc9, 0x0b, 0x65, 0x6e}},
    {"IN", {0xa3, 0xa0, 0xa4, 0x25, 0xdc, 0xb5, 0x85, 0xa7, 0xb4, 0xac, 0x5a,
            0xcc, 0xaf, 0x64, 0x2a, 0x2b, 0x3c, 0x42, 0x7c, 0x96, 0x69, 0x18,
            0xff, 0xf0, 0x83, 0x82, 0x08, 0x0a, 0x55, 0x4a, 0x7b, 0x4e}},
    {"IO", {0x2f, 0x1c, 0x6c, 0xd5, 0xe0, 0xae, 0x3c, 0xcf, 0xff, 0x01, 0x67,
            0x72, 0xa2, 0x7f, 0xfd, 0x46, 0x62, 0x8e, 0x7b, 0xb5, 0x8e, 0x4e,
            0xec, 0xc6, 0xfd, 0x50, 0xa1, 0xda, 0x08, 0x3a, 0x90, 0x6c}},
    {"IQ", {0xe4, 0x97, 0x2e, 0xc6, 0x26, 0x2e, 0x53, 0x52, 0x7a, 0x37, 0xa9,
            0xe7, 0xd8, 0xe8, 0x9e, 0x5d, 0xd3, 0xb2, 0x40, 0x85, 0xe8, 0x3d,
            0x93, 0x6c, 0x40, 0x49, 0xf5, 0x57, 0xfb, 0x62, 0x2c, 0x3c}},
    {"IR", {0xc7, 0x84, 0x74, 0x72, 0xcb, 0x99, 0xcf, 0x81, 0xcf, 0x80, 0x3e,
            0x44, 0x5d, 0x27, 0xc1, 0x3c, 0x60, 0x64, 0x7f, 0xf9, 0x97, 0x8f,
            0xc5, 0xf6, 0x76, 0x95, 0x7c, 0x4d, 0x89, 0xc7, 0xbd, 0x1d}},
    {"IS", {0x2b, 0x9f, 0xb7, 0xc6, 0xe2, 0x7b, 0xd2, 0x04, 0xb2, 0x01, 0x56,
            0x44, 0x54, 0x17, 0xc5, 0xda, 0x6a, 0xe2, 0x65, 0x14, 0x4e, 0x20,
            0xec, 0x31, 0x64, 0x88, 0x90, 0x43, 0xb3, 0xed, 0x72, 0x1b}},
    {"IT", {0x69, 0xa7, 0x46, 0xb8, 0x09, 0xbd, 0x65, 0x50, 0x5b, 0x31, 0x03,
            0x2d, 0xf5, 0x46, 0xca, 0xc1, 0x26, 0x71, 0xa7, 0x0e, 0x1e, 0xbd,
            0xf8, 0xb1, 0xb4, 0x0d, 0x65, 0x51, 0xf8, 0x22, 0xc5, 0x0d}},
    {"JE", {0xb5, 0x6d, 0x6b, 0xaf, 0xd6, 0x45, 0x50, 0x89, 0x8e, 0xcb, 0xff,
            0xde, 0x1f, 0x27, 0x72, 0x65, 0xd8, 0x83, 0x5a, 0x90, 0x18, 0x0e,
            0xdd, 0xbd, 0x69, 0x18, 0x31, 0xc3, 0xca, 0x2e, 0xcb, 0x42}},
    {"JM", {0xd2, 0x51, 0xed, 0x5d, 0x7e, 0xf7, 0xd6, 0xca, 0xa8, 0x7e, 0x84,
            0xe2, 0xb4, 0xf3, 0x35, 0x7c, 0xd3, 0xe2, 0xb9, 0x91, 0x75, 0xcb,
            0x8e, 0x4d, 0x29, 0x06, 0xf5, 0x77, 0xb3, 0x32, 0x9e, 0xcb}},
    {"JO", {0x6d, 0xac, 0x56, 0x74, 0x7a, 0xe4, 0x6e, 0x01, 0x7d, 0x35, 0xb1,
            0x3c, 0x5d, 0xb6, 0x48, 0xd3, 0xd2, 0x12, 0xb4, 0x3f, 0x7d, 0xa6,
            0x01, 0xce, 0xa3, 0x82, 0xc7, 0x68, 0x7f, 0x2a, 0xf3, 0x7b}},
    {"JP", {0x8a, 0xeb, 0x1a, 0xca, 0x8d, 0x46, 0xfe, 0x43, 0x94, 0xab, 0x75,
            0xd0, 0x83, 0xcb, 0xe8, 0x59, 0xd2, 0xde, 0x06, 0x99, 0xb2, 0x21,
            0xd8, 0xee, 0x4b, 0xd2, 0x61, 0x67, 0xd8, 0x3f, 0x88, 0x0a}},
    {"KE", {0x15, 0x7f, 0x84, 0x16, 0xd2, 0x84, 0x7e, 0xa0, 0xf4, 0xff, 0x28,
            0xd0, 0xbd, 0x81, 0x1d, 0x0d, 0x66, 0x65, 0x59, 0x56, 0x9b, 0x39,
            0x65, 0x24, 0x96, 0xf0, 0xcc, 0xd9, 0x1f, 0x6b, 0xb4, 0x14}},
    {"KG", {0x74, 0x70, 0xb1, 0x81, 0xe8, 0x29, 0x11, 0x25, 0x72, 0xa3, 0x54,
            0x89, 0x99, 0xff, 0x37, 0x89, 0x98, 0x7a, 0x0e, 0xcb, 0x9d, 0x35,
            0x2d, 0x38, 0x82, 0x24, 0xba, 0x89, 0xc9, 0x5c, 0x76, 0x15}},
    {"KH", {0x2c, 0xad, 0xef, 0xec, 0x58, 0x76, 0x3f, 0x9b, 0xd9, 0x79, 0xac,
            0xe6, 0x0e, 0xe4, 0xe4, 0x82, 0xfc, 0x5f, 0x6a, 0x2d, 0x14, 0x67,
            0x53, 0x66, 0xc2, 0x6d, 0x1b, 0x5e, 0xbb, 0x03, 0x52, 0xa4}},
    {"KI", {0x3a, 0x67, 0x77, 0x5b, 0x1f, 0x5a, 0xd8, 0x39, 0x17, 0xbe, 0xf7,
            0x0f, 0x74, 0x66, 0xf0, 0x7a, 0xad, 0x87, 0xba, 0xeb, 0x42, 0x99,
            0x63, 0xb8, 0xa4, 0x5b, 0x38, 0x20, 0xcf, 0xf9, 0x06, 0x79}},
    {"KM", {0x45, 0x2c, 0xfc, 0xf1, 0xc0, 0x47, 0x8c, 0xec, 0xdc, 0xed, 0xe3,
            0xbf, 0xd6, 0x74, 0xbd, 0x58, 0x7f, 0x39, 0xee, 0xf2, 0x75, 0x02,
            0xa4, 0x39, 0x50, 0xf3, 0x5b, 0xc3, 0xee, 0x7a, 0xaa, 0x30}},
    {"KN", {0x83, 0xc8, 0xf3, 0xd2, 0xfd, 0x51, 0x5e, 0xde, 0x6d, 0x60, 0x8c,
            0x86, 0xf1, 0xfd, 0x4d, 0xf1, 0x95, 0xff, 0x79, 0xd3, 0x60, 0x69,
            0xfb, 0x84, 0x9a, 0xd7, 0x4e, 0x25, 0xf3, 0x9b, 0xb8, 0x09}},
    {"KP", {0xfd, 0xea, 0xf0, 0x4d, 0x03, 0x16, 0xf9, 0xfc, 0xbd, 0xe0, 0xcd,
            0xcf, 0x91, 0x9b, 0x5e, 0x05, 0x3f, 0x43, 0xc6, 0x74, 0x9d, 0x26,
            0xc7, 0x75, 0xba, 0x31, 0xb5, 0x30, 0xb8, 0xd1, 0x9e, 0x0a}},
    {"KR", {0x2b, 0x61, 0x97, 0x72, 0x38, 0x79, 0x61, 0xec, 0x7f, 0xc5, 0x39,
            0x38, 0x06, 0x49, 0x03, 0x90, 0xb3, 0xa2, 0xd6, 0xa5, 0xda, 0x97,
            0x79, 0xd7, 0x93, 0x20, 0xf9, 0x22, 0x4b, 0x83, 0x4e, 0x62}},
    {"KW", {0x47, 0xa4, 0x8d, 0xcf, 0xae, 0x98, 0x80, 0x29, 0xe7, 0x10, 0xb1,
            0xd7, 0xbe, 0x80, 0x85, 0x86, 0x8b, 0xe3, 0x80, 0xd2, 0xb2, 0x13,
            0xfb, 0x65, 0x18, 0xfb, 0x3c, 0xfa, 0x83, 0x99, 0xc8, 0xea}},
    {"KY", {0x45, 0xf6, 0xf1, 0xcf, 0x1a, 0x70, 0x3b, 0xdf, 0x3d, 0x98, 0x6b,
            0x34, 0x41, 0x60, 0x2e, 0xff, 0x8c, 0x8c, 0x04, 0xa1, 0x6e, 0x90,
            0xfc, 0x31, 0x93, 0x9d, 0x4d, 0xb6, 0x9e, 0xd7, 0xf9, 0x66}},
    {"KZ", {0x90, 0x3b, 0x56, 0x66, 0x25, 0x37, 0x82, 0x0e, 0x02, 0xea, 0x5f,
            0xc2, 0x21, 0xc4, 0x3a, 0x8c, 0xe5, 0x7f, 0x82, 0xaa, 0x3d, 0xdc,
            0x3a, 0xfe, 0xc2, 0x28, 0x94, 0x17, 0x05, 0x5e, 0xa0, 0xb7}},
    {"LA", {0xb7, 0x92, 0xd3, 0x17, 0xb3, 0xfd, 0x0f, 0x93, 0x35, 0x6e, 0x73,
            0x23, 0xc5, 0x81, 0x6f, 0xed, 0xf7, 0x5e, 0x9b, 0x6f, 0x85, 0xbe,
            0x16, 0x6f, 0x12, 0x00, 0xd1, 0x7e, 0x5b, 0xcc, 0x67, 0xe7}},
    {"LB", {0x7a, 0x4d, 0x6e, 0x5f, 0xea, 0xed, 0x94, 0xf3, 0x05, 0x93, 0x42,
            0xb4, 0x9b, 0x43, 0xd2, 0x39, 0x3a, 0x84, 0x91, 0x53, 0xf4, 0xc1,
            0x00, 0xb5, 0x08, 0x62, 0xae, 0xd9, 0x4a, 0x69, 0xdc, 0xbb}},
    {"LC", {0xb7, 0xb0, 0x9a, 0xd6, 0x88, 0x71, 0x99, 0x00, 0xa5, 0x6a, 0x4d,
            0x2f, 0xff, 0x40, 0x77, 0x58, 0x49, 0x31, 0x58, 0x34, 0xbc, 0x32,
            0x46, 0x87, 0xce, 0xe6, 0x39, 0x47, 0x9c, 0x35, 0xb3, 0xbe}},
    {"LI", {0xed, 0x70, 0x83, 0xa3, 0xf8, 0x1e, 0x0e, 0xb7, 0xd0, 0x33, 0x43,
            0x35, 0x00, 0x1e, 0xc2, 0x73, 0x9c, 0xd4, 0xd0, 0x66, 0x0d, 0x03,
            0x97, 0x5b, 0xa3, 0xd5, 0xee, 0x92, 0xb2, 0xa2, 0x19, 0xb7}},
    {"LK", {0x6c, 0x07, 0x66, 0x6a, 0xfb, 0x80, 0xe8, 0x32, 0x0a, 0xd5, 0xbf,
            0x16, 0xf4, 0x72, 0x9c, 0x72, 0x2c, 0xa1, 0xd8, 0xda, 0xb7, 0x4c,
            0x30, 0xa2, 0x95, 0x84, 0x73, 0x9a, 0xf9, 0x1f, 0x2c, 0xbf}},
    {"LR", {0x0b, 0x4d, 0xf8, 0x90, 0x64, 0x59, 0x0c, 0x6e, 0xcf, 0x41, 0x29,
            0x71, 0x57, 0x4f, 0xdf, 0x77, 0xa4, 0xca, 0x35, 0xfe, 0x77, 0x85,
            0xf1, 0x07, 0x92, 0x54, 0xf2, 0x3f, 0xf4, 0x38, 0x56, 0xe2}},
    {"LS", {0xc3, 0xe9, 0xa8, 0xd5, 0x4f, 0x73, 0x57, 0x15, 0x03, 0x2d, 0xd5,
            0x29, 0x5d, 0x84, 0x50, 0x4b, 0x68, 0xa0, 0xd5, 0x05, 0xf8, 0x5d,
            0x2a, 0xcc, 0x7f, 0xb4, 0x7d, 0x64, 0x74, 0x8a, 0x02, 0xff}},
    {"LT", {0x0e, 0xa5, 0x1d, 0xbe, 0xa8, 0x3e, 0x4f, 0xa7, 0x8b, 0x1c, 0x53,
            0xa3, 0x70, 0x9a, 0xf1, 0xb8, 0x5a, 0x45, 0xa4, 0xa2, 0x06, 0x3f,
            0xfb, 0x5c, 0x17, 0x2f, 0x5e, 0xd4, 0x71, 0xfe, 0x66, 0xcf}},
    {"LU", {0x6d, 0xc0, 0xe5, 0x95, 0xd8, 0xdf, 0x42, 0x2b, 0x32, 0xcb, 0xa1,
            0x8d, 0x77, 0xe7, 0xc1, 0x2a, 0xaf, 0x64, 0xb0, 0xc1, 0x96, 0x41,
            0x51, 0x46, 0xb5, 0xa5, 0x27, 0xcd, 0x2a, 0xc0, 0xc6, 0x22}},
    {"LV", {0xfe, 0xe5, 0xb1, 0x30, 0x3e, 0x61, 0xc9, 0xcd, 0xdf, 0xf5, 0xca,
            0xb5, 0x91, 0xce, 0x1b, 0x50, 0xd0, 0x42, 0x9b, 0x17, 0xcd, 0x0c,
            0x75, 0x19, 0x44, 0xf1, 0xf0, 0x0e, 0xec, 0x86, 0x58, 0x57}},
    {"LY", {0xcd, 0x76, 0xb6, 0xfd, 0xde, 0x7f, 0x8f, 0x34, 0x8d, 0x81, 0xf1,
            0xdb, 0xdf, 0xb4, 0x38, 0x25, 0x6c, 0xd3, 0xdc, 0xe1, 0xd7, 0xb4,
            0x32, 0x9a, 0xc3, 0xa6, 0x8c, 0x46, 0xc9, 0xeb, 0x2a, 0x47}},
    {"MA", {0xfc, 0x17, 0xfb, 0x9f, 0x52, 0x8e, 0xcc, 0x38, 0x65, 0x1b, 0xd4,
            0xdf, 0x38, 0x0f, 0x30, 0x5b, 0x51, 0xa2, 0x11, 0x0e, 0x4a, 0x49,
            0x2b, 0x7a, 0x80, 0xbf, 0x99, 0x14, 0x45, 0x7b, 0x75, 0x1e}},
    {"MC", {0x8b, 0xe6, 0xbe, 0x57, 0x81, 0x46, 0x7a, 0x51, 0xe2, 0xf7, 0x85,
            0xd5, 0xf2, 0x2c, 0xfb, 0x63, 0x6b, 0xe4, 0x35, 0x66, 0x67, 0xd4,
            0x84, 0xa4, 0x9e, 0x15, 0x20, 0x7e, 0x28, 0x05, 0x96, 0x0a}},
    {"MD", {0xf0, 0x88, 0x2a, 0x7e, 0xd8, 0x33, 0xdd, 0xb7, 0x73, 0xc7, 0x92,
            0x54, 0xc6, 0xa6, 0x5e, 0x7d, 0x33, 0x2c, 0x3b, 0x31, 0xb8, 0xd5,
            0xa0, 0xc1, 0x56, 0x10, 0x45, 0x92, 0xd4, 0xeb, 0x5a, 0xa2}},
    {"ME", {0x3a, 0x90, 0x31, 0x4a, 0xe8, 0x31, 0xdb, 0xc0, 0xec, 0xb2, 0x99,
            0x6a, 0xe5, 0xa4, 0x27, 0xbe, 0x06, 0x2c, 0xb4, 0xe8, 0x1c, 0x4b,
            0xcc, 0x8d, 0xc3, 0x34, 0x6e, 0x84, 0xcf, 0xf5, 0x74, 0x40}},
    {"MF", {0x78, 0x7f, 0x16, 0xf5, 0x24, 0xba, 0xb7, 0x86, 0x1a, 0x5d, 0x13,
            0x69, 0xcf, 0x1d, 0x01, 0xce, 0xca, 0x47, 0x04, 0xa5, 0x75, 0x4b,
            0x35, 0x78, 0xd9, 0xae, 0x76, 0xf1, 0x85, 0x62, 0x43, 0x56}},
    {"MG", {0xb0, 0xf6, 0x14, 0x3e, 0x22, 0xd2, 0x7e, 0x31, 0x65, 0xc0, 0x5f,
            0xaa, 0x7b, 0x5c, 0x24, 0x74, 0x78, 0x44, 0x8b, 0xd0, 0x72, 0x12,
            0xbf, 0x79, 0xac, 0x2a, 0xb8, 0x29, 0x1a, 0x8d, 0xe0, 0xd6}},
    {"MH", {0x2f, 0x90, 0x57, 0xee, 0x4f, 0xc7, 0xd5, 0xbc, 0x90, 0x15, 0x40,
            0x8e, 0xf5, 0x1b, 0x97, 0xfe, 0x47, 0xc6, 0xfe, 0x65, 0xc9, 0x13,
            0x7f, 0x0f, 0x80, 0x6d, 0x50, 0xc8, 0xd3, 0x12, 0x4b, 0xde}},
    {"MK", {0xd9, 0xb6, 0xde, 0x41, 0x85, 0x19, 0xf0, 0x51, 0xcd, 0xaa, 0x27,
            0xad, 0xa8, 0xdc, 0x4b, 0x9c, 0xf8, 0x09, 0x1b, 0x17, 0x31, 0x5f,
            0xfb, 0xa3, 0x0f, 0x27, 0x97, 0x26, 0x34, 0x38, 0x07, 0xef}},
    {"ML", {0x5b, 0xe2, 0xe8, 0xfc, 0xd1, 0xf2, 0xe3, 0x95, 0x7c, 0xa9, 0x42,
            0x9f, 0x1a, 0x2c, 0xa4, 0x2f, 0xbe, 0x4f, 0xf0, 0x0c, 0xb4, 0x19,
            0x98, 0x5e, 0xb7, 0xa6, 0xad, 0x6a, 0x1e, 0x7f, 0x57, 0xe1}},
    {"MM", {0x11, 0x4e, 0xef, 0xab, 0xc5, 0x8d, 0x28, 0xf3, 0xb5, 0x51, 0x1f,
            0x7f, 0x94, 0x5c, 0x8c, 0xcf, 0x46, 0xea, 0x0a, 0x16, 0xfb, 0x2a,
            0x99, 0xf0, 0xae, 0x28, 0x81, 0x01, 0xb4, 0xed, 0xf7, 0xf9}},
    {"MN", {0xf2, 0xb1, 0xf8, 0xaf, 0x32, 0x3e, 0xd3, 0x70, 0xff, 0x26, 0xbe,
            0x4e, 0x79, 0x60, 0xcc, 0x80, 0xd3, 0x5c, 0x6e, 0xa2, 0x6b, 0xc2,
            0x46, 0xae, 0xfb, 0x8a, 0x0e, 0x01, 0x34, 0x91, 0x07, 0x53}},
    {"MO", {0xd2, 0xc3, 0xed, 0x3a, 0x0e, 0x56, 0x7b, 0xd7, 0x80, 0x1d, 0x58,
            0xb0, 0x57, 0xc0, 0x1e, 0xd6, 0x5f, 0xfd, 0x73, 0x88, 0x4a, 0x2f,
            0xc7, 0x4e, 0xe0, 0x93, 0xa6, 0x85, 0x95, 0x5e, 0x6b, 0x4f}},
    {"MP", {0x2f, 0x99, 0xd1, 0x77, 0x9e, 0x7a, 0xac, 0xaa, 0xfb, 0x25, 0xae,
            0x19, 0x51, 0x9b, 0x8b, 0x33, 0xf3, 0xfc, 0xb6, 0xd0, 0xbd, 0x35,
            0x9a, 0xd6, 0x39, 0xb5, 0x8d, 0x2f, 0x30, 0x7c, 0x90, 0x93}},
    {"MQ", {0x27, 0x14, 0x08, 0x22, 0xee, 0x54, 0xce, 0x73, 0x09, 0xbe, 0x5b,
            0x5a, 0x1b, 0x16, 0x38, 0x87, 0xf2, 0x92, 0x08, 0x31, 0x9a, 0x83,
            0x12, 0xbb, 0xb9, 0x5d, 0x9c, 0x04, 0xb3, 0x34, 0xf7, 0xa6}},
    {"MR", {0x35, 0xcd, 0xee, 0xd3, 0xcd, 0x1d, 0x64, 0x8b, 0x81, 0x88, 0x28,
            0xa9, 0x4d, 0x99, 0x48, 0x68, 0xb0, 0xa1, 0xd3, 0x39, 0x0f, 0x26,
            0x4d, 0x64, 0x97, 0x8c, 0x17, 0x0a, 0xea, 0xc4, 0x32, 0x7d}},
    {"MS", {0xca, 0xd5, 0x2f, 0xb6, 0xc6, 0x15, 0xaa, 0xb0, 0x88, 0xc3, 0x0a,
            0x69, 0x14, 0xed, 0x0f, 0x47, 0xee, 0x7c, 0x90, 0x9b, 0x09, 0xd1,
            0x73, 0x68, 0x5f, 0xd7, 0xc3, 0x80, 0xb4, 0x26, 0xae, 0x1a}},
    {"MT", {0x4c, 0x2a, 0x33, 0x2b, 0xc2, 0x9e, 0x8b, 0x10, 0x3c, 0x39, 0x30,
            0xa0, 0x1f, 0xda, 0x3a, 0x7a, 0xc9, 0x79, 0xb9, 0xa8, 0xfb, 0xf5,
            0x7f, 0x03, 0x94, 0xcd, 0xb1, 0x28, 0x1c, 0x29, 0x06, 0xb6}},
    {"MU", {0x8e, 0x1e, 0x5f, 0x06, 0xa2, 0x82, 0xf2, 0x89, 0x95, 0xcd, 0x67,
            0x6f, 0xf1, 0x67, 0xdf, 0x3e, 0xe4, 0xdd, 0x5b, 0x57, 0x5e, 0x5f,
            0x21, 0x10, 0xa8, 0xf3, 0xfc, 0x09, 0x11, 0x80, 0xa3, 0xf7}},
    {"MV", {0x66, 0x2b, 0x0b, 0xcc, 0xcc, 0x69, 0x2e, 0xb4, 0x45, 0x82, 0x6d,
            0xd9, 0xaf, 0x64, 0x8d, 0x53, 0x04, 0x25, 0x63, 0xea, 0xe2, 0xa6,
            0xa1, 0xe8, 0x37, 0x77, 0x7d, 0x42, 0x1b, 0x73, 0x8f, 0x63}},
    {"MW", {0x37, 0xc2, 0x0e, 0x03, 0xac, 0xe4, 0x94, 0x69, 0xf9, 0x6a, 0x97,
            0x81, 0x8e, 0x4c, 0xa5, 0xd8, 0xae, 0x16, 0x7d, 0x3e, 0x33, 0xec,
            0x46, 0x03, 0xda, 0xa0, 0x5a, 0xbd, 0x82, 0x0c, 0xbd, 0x5a}},
    {"MX", {0x32, 0xbf, 0x40, 0x3d, 0x45, 0x19, 0xe6, 0x92, 0x0c, 0x36, 0xb6,
            0xcc, 0x11, 0x6d, 0x92, 0xe1, 0xe2, 0x34, 0xfe, 0x09, 0x7a, 0xc0,
            0xfd, 0x27, 0x84, 0x56, 0xd8, 0x9b, 0x36, 0xa5, 0xd3, 0x87}},
    {"MY", {0x30, 0x3f, 0x4d, 0x7d, 0x2b, 0x11, 0xa9, 0x51, 0xa6, 0xa6, 0x42,
            0xad, 0x59, 0x66, 0xf1, 0xcc, 0xad, 0x14, 0x03, 0x0c, 0x60, 0xab,
            0x9c, 0xdb, 0xae, 0x96, 0x86, 0x7e, 0xa9, 0xfb, 0xa8, 0xdb}},
    {"MZ", {0x68, 0xb8, 0x44, 0x82, 0xf3, 0xda, 0x29, 0x1e, 0x75, 0x79, 0x7f,
            0xcf, 0x9e, 0x20, 0xf1, 0xae, 0xc2, 0xd4, 0x85, 0x2b, 0xee, 0xb1,
            0x98, 0x56, 0xe1, 0xb9, 0x13, 0x5d, 0x51, 0x81, 0xdf, 0xe2}},
    {"NA", {0xf0, 0xe5, 0x56, 0x11, 0x47, 0x18, 0x12, 0x87, 0x7c, 0x1e, 0x80,
            0x41, 0x6e, 0x93, 0xd8, 0x19, 0xd0, 0x26, 0x55, 0x74, 0xec, 0x2a,
            0xda, 0x5c, 0x60, 0xc9, 0xab, 0x18, 0x85, 0xb3, 0xa4, 0x1e}},
    {"NC", {0x0f, 0xc8, 0xf0, 0xa6, 0x86, 0x00, 0xf5, 0x07, 0x8e, 0x96, 0x96,
            0xa5, 0x62, 0x34, 0xa1, 0xff, 0xb4, 0x16, 0x45, 0xc2, 0xfe, 0xdf,
            0x86, 0xa1, 0x78, 0x66, 0x59, 0xc0, 0x86, 0x25, 0x0a, 0x85}},
    {"NE", {0xcc, 0x7c, 0xf9, 0x56, 0xd7, 0x81, 0x75, 0x22, 0x46, 0x5e, 0x7d,
            0x81, 0xaf, 0xee, 0xff, 0xad, 0xda, 0x0b, 0xae, 0xfc, 0xb7, 0x29,
            0x7c, 0x35, 0xd0, 0x22, 0x6b, 0xb7, 0x26, 0x9f, 0x61, 0x1b}},
    {"NF", {0x12, 0xdd, 0x55, 0xf8, 0x63, 0xd3, 0x13, 0xe7, 0x68, 0x55, 0xb2,
            0xa4, 0x72, 0xee, 0x58, 0x62, 0x00, 0xba, 0xcb, 0x74, 0x8a, 0x46,
            0xd5, 0xd7, 0x41, 0x12, 0x2a, 0x84, 0x70, 0x12, 0x95, 0x3a}},
    {"NG", {0x17, 0xa3, 0x3e, 0xae, 0x70, 0xcd, 0x8d, 0x3e, 0x1a, 0xc8, 0x5b,
            0x9d, 0xf6, 0x89, 0x39, 0x37, 0xd2, 0x67, 0xbc, 0xad, 0xb9, 0x3a,
            0x39, 0x0b, 0x28, 0x72, 0x04, 0xda, 0xe2, 0x4d, 0x32, 0xae}},
    {"NI", {0x90, 0x9a, 0xed, 0xe4, 0xf0, 0x7e, 0xd6, 0xdb, 0xd5, 0x15, 0xcb,
            0xdf, 0xda, 0x9a, 0x27, 0xe5, 0xa4, 0x58, 0x24, 0xa4, 0x64, 0xa9,
            0xd5, 0x40, 0x1c, 0x6b, 0x08, 0x58, 0x2c, 0x0e, 0xb0, 0xee}},
    {"NL", {0x27, 0xe6, 0x69, 0xb1, 0x5d, 0x39, 0xff, 0x58, 0x83, 0x17, 0xc4,
            0x50, 0xfd, 0xb7, 0x23, 0x74, 0xdd, 0xd1, 0xb1, 0x1e, 0x67, 0xc0,
            0xf4, 0x8f, 0x8d, 0x00, 0xf3, 0xca, 0xd1, 0x89, 0x8f, 0x98}},
    {"NO", {0x28, 0x81, 0x93, 0xc9, 0x54, 0x99, 0x67, 0xcd, 0xbe, 0xdb, 0x87,
            0xd9, 0xe3, 0x52, 0xa5, 0x1e, 0xc4, 0x1b, 0x12, 0x96, 0xef, 0x97,
            0x18, 0xde, 0x58, 0x53, 0xe0, 0xbf, 0x19, 0x34, 0x9c, 0x81}},
    {"NP", {0xe7, 0xe3, 0x08, 0x80, 0xd4, 0xe2, 0x72, 0xbd, 0xde, 0x10, 0x35,
            0x8a, 0xe7, 0x28, 0x66, 0xde, 0xa7, 0x4b, 0xff, 0x46, 0xd4, 0xd1,
            0x15, 0x22, 0x2f, 0x3b, 0x87, 0x79, 0xa0, 0x9c, 0x12, 0x99}},
    {"NR", {0x9f, 0x49, 0x11, 0x5b, 0x66, 0x08, 0x05, 0xb2, 0xb6, 0xec, 0x92,
            0xeb, 0xfe, 0xc9, 0xc7, 0xb7, 0x2b, 0x50, 0xd5, 0x4b, 0x6f, 0x5e,
            0xd2, 0xec, 0x80, 0x37, 0x2c, 0xac, 0xdd, 0x76, 0x78, 0x96}},
    {"NU", {0x24, 0xb1, 0x2e, 0x24, 0x72, 0xb1, 0xd1, 0xb5, 0xd3, 0x95, 0x9b,
            0x40, 0x62, 0x11, 0xfe, 0xe2, 0x76, 0x37, 0xc3, 0xbc, 0x83, 0xea,
            0x58, 0xdb, 0xec, 0x14, 0x22, 0xc7, 0x13, 0x72, 0x7c, 0x11}},
    {"NZ", {0x3b, 0x1e, 0xa9, 0x62, 0x3b, 0x7a, 0x65, 0x4a, 0xb6, 0x6e, 0xd2,
            0x97, 0x87, 0x04, 0x1d, 0x08, 0x6f, 0xcc, 0x7e, 0x30, 0x59, 0x79,
            0xf9, 0x6e, 0x5f, 0x05, 0x1f, 0x31, 0xc8, 0x41, 0x14, 0x77}},
    {"OM", {0x2e, 0x13, 0xc6, 0x4c, 0xfa, 0xe5, 0x35, 0x76, 0xc1, 0x75, 0x2a,
            0x4c, 0xff, 0xcb, 0x19, 0xe1, 0x4e, 0x0b, 0x53, 0xca, 0x79, 0xce,
            0xdd, 0x24, 0x42, 0xa3, 0xd2, 0x43, 0x2a, 0xd6, 0xb3, 0xb4}},
    {"PA", {0x00, 0x59, 0x0b, 0x0a, 0x3b, 0x36, 0x8d, 0xa1, 0x4e, 0x10, 0x80,
            0xcd, 0x5f, 0x72, 0x3c, 0xae, 0x0a, 0x8c, 0xfb, 0x39, 0xac, 0xc3,
            0x86, 0x76, 0x54, 0x34, 0x6f, 0x58, 0xa8, 0x77, 0x67, 0x1a}},
    {"PE", {0xfc, 0x1c, 0x16, 0xb6, 0x1e, 0x5b, 0x92, 0xb5, 0xef, 0x9a, 0xae,
            0xcf, 0x56, 0x43, 0x69, 0x78, 0x84, 0xe5, 0x2c, 0x75, 0xa2, 0xe2,
            0xdb, 0x36, 0x73, 0x9c, 0xf3, 0xe4, 0xe9, 0x52, 0xf9, 0x7e}},
    {"PF", {0xc9, 0x08, 0x0d, 0x93, 0x03, 0x48, 0xe2, 0xea, 0xfe, 0x0d, 0x16,
            0x97, 0x46, 0x58, 0x22, 0x24, 0x97, 0x39, 0xbd, 0x0e, 0x9c, 0xdf,
            0x79, 0x99, 0x35, 0xeb, 0x70, 0xa0, 0xbb, 0x3e, 0x5b, 0xad}},
    {"PG", {0xce, 0xda, 0x91, 0x9c, 0x79, 0x4f, 0x32, 0x04, 0x3b, 0x49, 0x7c,
            0x99, 0x92, 0x9f, 0x88, 0x00, 0xda, 0x3c, 0xd3, 0xeb, 0xa2, 0xea,
            0xca, 0x73, 0x9b, 0xe7, 0x4b, 0x2c, 0xda, 0xc1, 0x91, 0x3a}},
    {"PH", {0xe2, 0xcd, 0xc4, 0x6c, 0x17, 0x15, 0xc3, 0xd9, 0xef, 0xfc, 0xb1,
            0x75, 0x2f, 0xc4, 0x30, 0x2d, 0xf1, 0xf1, 0x43, 0x02, 0xe6, 0xc7,
            0xc9, 0x81, 0xaf, 0xf8, 0x30, 0x2c, 0xec, 0xf4, 0xb0, 0xa0}},
    {"PK", {0x08, 0x00, 0x12, 0x1a, 0xb8, 0xca, 0x8f, 0x1f, 0x0b, 0x5e, 0x04,
            0x75, 0x34, 0x11, 0x08, 0xd1, 0x09, 0xfa, 0xe1, 0x7a, 0x1d, 0x54,
            0x4a, 0xc0, 0xfa, 0x96, 0xa5, 0xaa, 0x32, 0x3c, 0x70, 0x53}},
    {"PL", {0x54, 0x4a, 0xb2, 0x6f, 0x0e, 0xbf, 0x73, 0x80, 0xc9, 0x0e, 0xba,
            0xa2, 0xf1, 0x48, 0x7a, 0x17, 0x57, 0x43, 0x56, 0xf8, 0x61, 0x10,
            0x98, 0x0d, 0x61, 0x58, 0x11, 0x2f, 0x36, 0x50, 0xf1, 0x8b}},
    {"PM", {0x2f, 0xa1, 0xa6, 0x4d, 0x00, 0xe3, 0xe3, 0xa8, 0x95, 0xd5, 0xc6,
            0xcf, 0x4a, 0x12, 0x59, 0x26, 0xb6, 0xc6, 0xa6, 0x30, 0x59, 0x92,
            0x91, 0xfa, 0x6b, 0xb1, 0xca, 0x72, 0x2b, 0x2f, 0x80, 0xa5}},
    {"PN", {0x22, 0xfa, 0x17, 0x46, 0x84, 0x12, 0xa5, 0x83, 0x7d, 0xe8, 0x76,
            0x3c, 0x33, 0x7d, 0xc3, 0x57, 0xd7, 0x9e, 0x12, 0xf2, 0x1b, 0xda,
            0x26, 0x44, 0x44, 0x03, 0x48, 0x4b, 0xf3, 0x75, 0x2f, 0xf0}},
    {"PR", {0x1f, 0x93, 0x50, 0x60, 0xcb, 0x7e, 0xe9, 0x09, 0xa4, 0x85, 0x14,
            0xd3, 0x43, 0x08, 0xa8, 0xdb, 0xa6, 0x33, 0x88, 0x66, 0x0e, 0x64,
            0x85, 0x88, 0x04, 0x54, 0xae, 0x72, 0x80, 0x3b, 0x08, 0xa7}},
    {"PS", {0x88, 0x4d, 0x5e, 0x4d, 0x47, 0xce, 0x4f, 0x96, 0xb9, 0x69, 0x3a,
            0x4d, 0x94, 0x39, 0x59, 0xeb, 0x09, 0x6d, 0x4d, 0x39, 0xa8, 0x5e,
            0x3c, 0xea, 0xfd, 0xd4, 0x13, 0x3f, 0x27, 0xef, 0x80, 0x47}},
    {"PT", {0x62, 0x7d, 0x07, 0x20, 0x97, 0x22, 0xe1, 0x74, 0x84, 0x3a, 0x63,
            0xf5, 0x1e, 0xb9, 0xa7, 0x64, 0xed, 0x10, 0xae, 0x0a, 0x70, 0xe5,
            0x98, 0x99, 0xde, 0x81, 0x05, 0xf1, 0xe1, 0x4f, 0xea, 0xf3}},
    {"PW", {0x49, 0xbd, 0xc8, 0xa2, 0x1d, 0x9f, 0x00, 0xeb, 0xa7, 0x4e, 0x34,
            0x57, 0x07, 0x80, 0x19, 0x60, 0x23, 0x4a, 0xc9, 0xdb, 0xcd, 0xf7,
            0xff, 0x95, 0xdc, 0x49, 0x68, 0x4c, 0x01, 0x4d, 0x16, 0xbe}},
    {"PY", {0x0e, 0x83, 0x0e, 0x45, 0x32, 0x75, 0x73, 0x95, 0x35, 0x59, 0xdd,
            0xb1, 0x54, 0xf5, 0xa0, 0x39, 0xb0, 0x4d, 0x67, 0x7d, 0xfe, 0xbf,
            0x16, 0xe5, 0x73, 0x16, 0xab, 0x16, 0x92, 0xcc, 0xa9, 0x90}},
    {"QA", {0x98, 0x2b, 0xb0, 0xb9, 0x10, 0xb3, 0x7e, 0xf8, 0xda, 0xa4, 0x6a,
            0x5f, 0xcc, 0xdd, 0x7c, 0x12, 0x3a, 0x4f, 0xac, 0xc5, 0x93, 0xc1,
            0x09, 0xa8, 0x2d, 0xc0, 0xcd, 0xac, 0x19, 0xb7, 0x9c, 0x23}},
    {"RE", {0x04, 0x6b, 0xcf, 0x0f, 0x37, 0x57, 0x38, 0x21, 0x85, 0x7d, 0xc0,
            0xe4, 0x75, 0x55, 0x5c, 0x84, 0x06, 0x5b, 0x17, 0x6f, 0xcc, 0x2d,
            0x2b, 0x27, 0x54, 0x7a, 0x5e, 0xaf, 0x0f, 0xef, 0xb6, 0xaa}},
    {"RO", {0x9f, 0x0f, 0x48, 0x44, 0x72, 0x8b, 0xa2, 0x5f, 0xb9, 0x7e, 0xfe,
            0x78, 0x63, 0x71, 0xd9, 0x2a, 0x5d, 0x3b, 0xc2, 0x93, 0x2f, 0xdb,
            0x01, 0x74, 0xc7, 0xc3, 0xf3, 0xc7, 0xc7, 0x92, 0x60, 0x29}},
    {"RS", {0x3b, 0x53, 0x4f, 0x83, 0xfd, 0x81, 0x3e, 0x1b, 0x8c, 0x01, 0x3c,
            0x6f, 0xe1, 0xef, 0x70, 0xfd, 0xdb, 0xf4, 0xe8, 0x3b, 0x1b, 0x44,
            0xf5, 0x84, 0x69, 0x5a, 0x66, 0x4e, 0x35, 0x1f, 0x52, 0xf4}},
    {"RU", {0xd5, 0x24, 0x61, 0x91, 0xe7, 0x79, 0xb9, 0x23, 0xe6, 0xac, 0xee,
            0xad, 0x60, 0x8f, 0xb1, 0xd0, 0x18, 0x4c, 0xd1, 0x29, 0x4b, 0x29,
            0x4e, 0xe0, 0xb0, 0xd1, 0xcc, 0x58, 0xc7, 0x95, 0xb4, 0xa6}},
    {"RW", {0x39, 0x9e, 0x04, 0x92, 0x03, 0xc9, 0x16, 0x03, 0x48, 0x9f, 0x1e,
            0xa8, 0xf6, 0xce, 0xbd, 0x87, 0x5a, 0x90, 0x5d, 0xe5, 0x47, 0x43,
            0xab, 0x02, 0xaf, 0x8e, 0x50, 0x95, 0xab, 0x4e, 0x02, 0x72}},
    {"SA", {0x6c, 0x7e, 0x99, 0x61, 0x15, 0x02, 0x73, 0x31, 0x6e, 0x9b, 0x94,
            0xdf, 0xbd, 0x78, 0x0b, 0xa0, 0x7b, 0x33, 0xc1, 0x3f, 0xa8, 0xe3,
            0xa2, 0x94, 0x59, 0x9c, 0x75, 0xaf, 0x8d, 0x9b, 0x08, 0x58}},
    {"SB", {0xcb, 0x16, 0x1d, 0x22, 0xbe, 0x4e, 0x12, 0x26, 0xbf, 0x00, 0x27,
            0xd0, 0x01, 0x64, 0x62, 0xd8, 0x1a, 0x1a, 0x7d, 0xcc, 0xb3, 0x43,
            0x5d, 0x9e, 0xa9, 0xe7, 0x44, 0x9d, 0xd6, 0xf6, 0x65, 0x1c}},
    {"SC", {0x3c, 0x30, 0xf1, 0xc0, 0x64, 0x73, 0x89, 0x13, 0x71, 0x31, 0x59,
            0x89, 0x6c, 0x2f, 0xf9, 0xcb, 0xde, 0xe3, 0xaf, 0x08, 0x3c, 0xf5,
            0xb8, 0x1a, 0xd0, 0xa5, 0x91, 0x75, 0xc1, 0xed, 0x44, 0x26}},
    {"SD", {0x37, 0x25, 0xe5, 0xb3, 0x24, 0x5a, 0xe7, 0xd9, 0x2d, 0x5e, 0x3b,
            0x18, 0x0a, 0x64, 0x38, 0x33, 0x60, 0x15, 0xbd, 0xb9, 0x37, 0x46,
            0x2c, 0xbe, 0xe2, 0xc2, 0xe4, 0x29, 0x55, 0x7f, 0x08, 0x0a}},
    {"SE", {0x2b, 0xd2, 0x91, 0xe8, 0x9c, 0x1a, 0x29, 0x6a, 0x42, 0x75, 0x70,
            0xb6, 0x8d, 0x1d, 0xfb, 0xff, 0x7c, 0x80, 0x78, 0x48, 0xa9, 0x69,
            0x57, 0xfd, 0x37, 0xb0, 0x14, 0x5c, 0xb4, 0x82, 0x75, 0x80}},
    {"SG", {0x98, 0xb8, 0xfa, 0x74, 0xeb, 0x69, 0x0d, 0x97, 0x77, 0x3c, 0x10,
            0xb4, 0x88, 0x1b, 0xd4, 0xf4, 0x82, 0x8c, 0x34, 0x0f, 0xb7, 0x58,
            0xa5, 0xde, 0xff, 0x54, 0x8a, 0x7d, 0x72, 0xa0, 0x14, 0x5c}},
    {"SH", {0x3f, 0xe3, 0x04, 0xb5, 0xe3, 0xa4, 0x1c, 0x6c, 0xc3, 0xe4, 0x2b,
            0x4e, 0xf9, 0x66, 0x1e, 0xbd, 0x6b, 0x53, 0x19, 0x92, 0xae, 0x7a,
            0x8d, 0x1b, 0x29, 0x0c, 0x98, 0x19, 0x8d, 0xf9, 0x67, 0xd0}},
    {"SI", {0x32, 0xa9, 0x1d, 0xe8, 0xb6, 0xb0, 0xf1, 0x6c, 0xd8, 0x80, 0x64,
            0xcf, 0x8c, 0x10, 0x82, 0xcd, 0x9f, 0xd2, 0xe9, 0x2f, 0x2c, 0xb0,
            0xa4, 0x29, 0x0e, 0x17, 0xa9, 0x03, 0x5d, 0x27, 0x95, 0x95}},
    {"SJ", {0xa2, 0x7a, 0x83, 0x59, 0xa6, 0x73, 0xe2, 0x38, 0x25, 0xfc, 0x12,
            0xac, 0x95, 0x6d, 0xbd, 0x31, 0x6a, 0xba, 0xc3, 0xf4, 0x83, 0x87,
            0x7a, 0xbf, 0xf4, 0x9d, 0xad, 0xa7, 0xdd, 0xd4, 0x55, 0xf0}},
    {"SK", {0xe1, 0xfe, 0xd5, 0xc5, 0x45, 0xa0, 0x44, 0x70, 0xa1, 0x47, 0x1d,
            0xdb, 0x21, 0x41, 0x41, 0x73, 0xcf, 0x36, 0xb2, 0x3d, 0x0f, 0x38,
            0x07, 0x94, 0x49, 0x91, 0x05, 0x52, 0x71, 0x4d, 0xb0, 0x92}},
    {"SL", {0xf8, 0x09, 0x53, 0xf1, 0x01, 0x55, 0x73, 0xbc, 0xfa, 0x04, 0x9d,
            0x31, 0x3d, 0xe7, 0xb9, 0x5d, 0xec, 0x77, 0x90, 0x45, 0xc0, 0x65,
            0x7f, 0xc8, 0xd3, 0xae, 0x68, 0xf2, 0xcc, 0xb6, 0xed, 0x90}},
    {"SM", {0xbd, 0x48, 0xaa, 0xd8, 0x96, 0xd8, 0x95, 0xdf, 0xe0, 0x7c, 0x5a,
            0x45, 0x1e, 0x0b, 0xb6, 0x8d, 0xe2, 0x6f, 0x27, 0x37, 0x01, 0x3d,
            0xfe, 0xa7, 0x1e, 0x23, 0x2c, 0xeb, 0x56, 0xec, 0x5c, 0xf6}},
    {"SN", {0x70, 0x0b, 0x10, 0x42, 0x08, 0x6b, 0x37, 0x6d, 0x95, 0xc9, 0x14,
            0x34, 0x69, 0x8f, 0xa3, 0x51, 0x20, 0x07, 0x9c, 0x98, 0x98, 0x3d,
            0xe4, 0x3c, 0xff, 0x4e, 0xb5, 0xf6, 0x7d, 0x15, 0x52, 0x46}},
    {"SO", {0x7d, 0x5c, 0x73, 0xaa, 0xc2, 0x64, 0xff, 0x88, 0xe7, 0xfe, 0xd3,
            0x96, 0x81, 0x4f, 0x65, 0x41, 0x04, 0x8a, 0xb2, 0x99, 0xb5, 0x45,
            0x62, 0xa8, 0x6f, 0x86, 0x38, 0x45, 0x49, 0x58, 0x72, 0x2a}},
    {"SR", {0xa7, 0x61, 0x81, 0xd9, 0x30, 0xd7, 0xde, 0x41, 0xd5, 0x96, 0xfd,
            0x51, 0xae, 0x73, 0xd6, 0xf7, 0x46, 0xc0, 0x96, 0xa5, 0x27, 0x04,
            0x8b, 0x9f, 0x66, 0xa6, 0x16, 0xda, 0x75, 0xa5, 0xea, 0x62}},
    {"SS", {0xaa, 0x5d, 0x6f, 0x39, 0x52, 0x33, 0x8c, 0x56, 0xa6, 0x81, 0x02,
            0x20, 0xe4, 0x79, 0xfb, 0xad, 0x0b, 0x5a, 0xaf, 0xa0, 0x67, 0x23,
            0xbf, 0xee, 0x90, 0x7f, 0xf8, 0xca, 0x1b, 0xc5, 0x35, 0x25}},
    {"ST", {0x39, 0xb1, 0xb0, 0xcc, 0x47, 0xec, 0x55, 0x1f, 0xb4, 0xc7, 0x4a,
            0x94, 0x67, 0x4a, 0x6b, 0xf2, 0xf7, 0x8a, 0x59, 0xcd, 0x17, 0x49,
            0x7d, 0xc6, 0x4f, 0x1b, 0x9f, 0x05, 0xa3, 0x16, 0xf3, 0x9d}},
    {"SV", {0x03, 0xd7, 0x0d, 0x61, 0x06, 0x9b, 0xe1, 0x34, 0x82, 0x8c, 0x1b,
            0x62, 0xd0, 0x54, 0x6f, 0x51, 0xa6, 0xb5, 0xf3, 0x04, 0xe6, 0x1e,
            0x4b, 0x7a, 0xca, 0xa2, 0x9d, 0x1b, 0xcc, 0x33, 0x94, 0x69}},
    {"SX", {0x86, 0x3e, 0xc6, 0xdf, 0xf3, 0xc2, 0x6b, 0x6e, 0x7e, 0x0c, 0xdf,
            0x46, 0x94, 0xbe, 0x7b, 0xa9, 0xef, 0x21, 0x17, 0xc7, 0x05, 0xb5,
            0x4c, 0x6f, 0xf3, 0x6d, 0x98, 0x1b, 0x6d, 0x7c, 0xe7, 0x2d}},
    {"SY", {0x7d, 0x70, 0xa1, 0x78, 0x0c, 0x9e, 0x93, 0xe0, 0x97, 0x41, 0x4c,
            0xb0, 0x97, 0x4e, 0xa8, 0xdc, 0x3a, 0x12, 0xdc, 0xb5, 0x27, 0x79,
            0xbf, 0x96, 0xc6, 0x9e, 0x77, 0xcc, 0x0f, 0x34, 0xed, 0x33}},
    {"SZ", {0xdf, 0x02, 0x45, 0x8e, 0x0e, 0x56, 0x1e, 0x58, 0xb5, 0xd7, 0xb8,
            0xe5, 0xa4, 0x5a, 0xb8, 0xff, 0xb6, 0x72, 0xb6, 0xb8, 0x36, 0xb7,
            0xf8, 0xc1, 0x0c, 0x2f, 0xc7, 0xc0, 0x86, 0xbd, 0x38, 0xa9}},
    {"TC", {0x71, 0x81, 0xb8, 0x9f, 0x65, 0x6f, 0x77, 0x5e, 0x09, 0x9c, 0x26,
            0x31, 0x7c, 0xe1, 0x15, 0x10, 0x00, 0x13, 0xa0, 0x2f, 0xe9, 0xc4,
            0x2a, 0xba, 0x26, 0x7b, 0xd4, 0x12, 0xbc, 0x82, 0x12, 0x86}},
    {"TD", {0xe0, 0x7d, 0x74, 0xc3, 0x76, 0xe6, 0xa7, 0x6b, 0x93, 0xa7, 0x15,
            0x82, 0x42, 0x1f, 0xbc, 0x35, 0x67, 0xa9, 0x52, 0xca, 0xdc, 0x5d,
            0xe0, 0x82, 0xd0, 0xb9, 0x48, 0xb5, 0x07, 0x13, 0xa1, 0x04}},
    {"TF", {0x91, 0x9e, 0x3e, 0xa0, 0x51, 0x05, 0x74, 0xce, 0x24, 0x1b, 0x93,
            0x1b, 0x6d, 0x50, 0x90, 0x18, 0xc4, 0x26, 0x62, 0x1e, 0xd4, 0xf8,
            0xab, 0x5f, 0x7d, 0x4c, 0x88, 0xef, 0x01, 0xe3, 0x00, 0xab}},
    {"TG", {0x0b, 0x8d, 0x4f, 0x90, 0x43, 0x90, 0x68, 0x17, 0x59, 0x24, 0x94,
            0xc0, 0x18, 0x91, 0xe7, 0xc8, 0x66, 0xad, 0xed, 0x1b, 0xe2, 0x96,
            0xc1, 0xbb, 0xf0, 0x47, 0x68, 0x28, 0xbc, 0xde, 0x8b, 0xf6}},
    {"TH", {0xc9, 0xac, 0xa5, 0x1f, 0x84, 0x69, 0xa1, 0x4e, 0xb6, 0xfe, 0xc0,
            0xbe, 0x48, 0x85, 0x5e, 0x3c, 0xc1, 0x54, 0x5a, 0x6c, 0x66, 0xf2,
            0x95, 0xda, 0x52, 0xc5, 0x22, 0xcd, 0x99, 0x0f, 0x87, 0x4d}},
    {"TJ", {0xd5, 0xf6, 0xfd, 0x06, 0xf4, 0x57, 0x28, 0x95, 0xd0, 0x1f, 0x34,
            0x98, 0x84, 0x9f, 0xbe, 0xdf, 0x42, 0x16, 0x2c, 0x30, 0x82, 0x4c,
            0x86, 0x47, 0xf7, 0xf6, 0x45, 0x2a, 0xe2, 0x02, 0xc8, 0x46}},
    {"TK", {0x11, 0xe1, 0x9a, 0x7f, 0x66, 0xf7, 0x0f, 0x3f, 0x22, 0x7a, 0x1a,
            0xb6, 0xba, 0x8d, 0x3a, 0x22, 0xa7, 0xaa, 0x92, 0xb0, 0x66, 0xba,
            0xf0, 0xe4, 0xc0, 0x10, 0xf4, 0xd5, 0x61, 0xc9, 0xbd, 0x4a}},
    {"TL", {0xac, 0x30, 0xd1, 0x10, 0xf4, 0x61, 0xaf, 0x9a, 0x53, 0xb3, 0xc4,
            0xa2, 0xed, 0x7d, 0xcc, 0xce, 0x6e, 0xb2, 0x57, 0x55, 0x9d, 0x02,
            0xca, 0xc5, 0x67, 0x46, 0xd1, 0xeb, 0xfb, 0x58, 0x53, 0x86}},
    {"TM", {0x57, 0x1c, 0xc4, 0x5d, 0x2e, 0x97, 0xd9, 0x71, 0x2a, 0xd8, 0xde,
            0xb8, 0x2b, 0xbe, 0x44, 0x02, 0x7c, 0x56, 0x94, 0xb5, 0x32, 0xfc,
            0xae, 0xdd, 0x6a, 0xdf, 0x3e, 0xf4, 0xb2, 0x40, 0x63, 0x28}},
    {"TN", {0x76, 0xca, 0x5f, 0x2f, 0xff, 0x97, 0x4e, 0xad, 0x99, 0x5f, 0x09,
            0x5c, 0x81, 0xad, 0x39, 0x35, 0xde, 0x68, 0x78, 0x72, 0x70, 0x39,
            0xd0, 0x04, 0x24, 0xb3, 0x03, 0x83, 0x79, 0x59, 0xf9, 0x56}},
    {"TO", {0x93, 0xa3, 0x74, 0x1f, 0x73, 0x0a, 0x10, 0x13, 0x16, 0x45, 0x9a,
            0x31, 0x3e, 0x06, 0xc3, 0x42, 0xc5, 0xa3, 0x9d, 0x5b, 0xf2, 0xeb,
            0x93, 0xb2, 0xb9, 0x55, 0xca, 0x20, 0x10, 0xb0, 0xe4, 0x3b}},
    {"TR", {0x50, 0x75, 0xbe, 0x51, 0x6b, 0x74, 0xcd, 0x0a, 0x63, 0xc8, 0xbb,
            0xe1, 0x44, 0xd2, 0x4a, 0xd4, 0x1b, 0x3b, 0xdb, 0xb8, 0x89, 0xc8,
            0xca, 0xac, 0x68, 0x63, 0x29, 0x2d, 0x44, 0x89, 0x62, 0x7d}},
    {"TT", {0xd1, 0xce, 0xfc, 0x6f, 0x5c, 0x0b, 0xb4, 0x67, 0x71, 0xa0, 0x1b,
            0xae, 0x0c, 0xe5, 0x81, 0xfa, 0x5f, 0xd5, 0x37, 0x08, 0xec, 0x19,
            0xfd, 0xfa, 0x57, 0x19, 0x6e, 0x09, 0x0b, 0x3e, 0xe1, 0xba}},
    {"TV", {0xa4, 0xdd, 0xea, 0x7e, 0xc6, 0x45, 0x25, 0x99, 0x97, 0x2a, 0x18,
            0x83, 0xb7, 0xca, 0x8d, 0x20, 0x69, 0x70, 0xa2, 0x84, 0x02, 0x9c,
            0xd3, 0x56, 0x50, 0xeb, 0x12, 0x4c, 0x55, 0x44, 0xeb, 0x6d}},
    {"TW", {0x94, 0x9c, 0xa9, 0xb7, 0x2a, 0xa8, 0x9a, 0xd0, 0xf5, 0x75, 0xee,
            0x60, 0xa6, 0xe4, 0xb7, 0x4d, 0xfd, 0xb8, 0xa9, 0xe8, 0x3c, 0x34,
            0x6c, 0x2f, 0x42, 0xd0, 0xb5, 0x89, 0xfa, 0x6d, 0xa4, 0x29}},
    {"TZ", {0x9d, 0xba, 0xfc, 0xbc, 0x53, 0x8f, 0xbb, 0x1d, 0x9c, 0x9e, 0xca,
            0x33, 0xfb, 0x05, 0x2b, 0x27, 0x78, 0xb8, 0xd5, 0x2f, 0xc3, 0xb9,
            0xa4, 0xcb, 0x94, 0x82, 0x69, 0xe9, 0xa2, 0x96, 0xbe, 0xe0}},
    {"UA", {0x4d, 0xaf, 0x4e, 0x92, 0xa9, 0xbc, 0x47, 0x1d, 0x84, 0x6e, 0x25,
            0x55, 0x3a, 0x0d, 0x97, 0x45, 0xc2, 0xf0, 0xfb, 0x9d, 0x3a, 0x59,
            0x42, 0x93, 0xb5, 0x17, 0x5d, 0xea, 0xed, 0x6d, 0xaf, 0xbc}},
    {"UG", {0x1e, 0xb2, 0x1f, 0xce, 0x52, 0x01, 0x9e, 0x5b, 0x2c, 0xb9, 0xed,
            0x68, 0xcf, 0x1f, 0x40, 0x61, 0xd1, 0x4e, 0x29, 0x22, 0x2e, 0x78,
            0xdd, 0x9c, 0x67, 0xb2, 0x0d, 0xed, 0x15, 0x24, 0x2f, 0xdd}},
    {"UM", {0xe2, 0x8a, 0xa2, 0xc6, 0x50, 0x64, 0xca, 0xf1, 0x1a, 0x9b, 0xd6,
            0x9e, 0xca, 0x3e, 0x16, 0xff, 0xd6, 0x69, 0xa1, 0x51, 0x11, 0x2c,
            0xbe, 0x12, 0x57, 0xcb, 0xc2, 0x14, 0x06, 0xd7, 0xe3, 0x5e}},
    {"US", {0x81, 0xbe, 0xa3, 0xb6, 0x4a, 0x39, 0xef, 0x76, 0x4e, 0xdc, 0x0d,
            0xfd, 0x98, 0x72, 0x9a, 0x99, 0x9f, 0x10, 0x79, 0xd5, 0x2b, 0xc3,
            0x45, 0x09, 0xb8, 0xa2, 0x3f, 0x6f, 0x4e, 0xb5, 0x2b, 0xd4}},
    {"UY", {0x24, 0x91, 0x5a, 0x0b, 0x23, 0x4f, 0xae, 0x4a, 0x85, 0xf8, 0x3b,
            0xe0, 0x14, 0xf8, 0x7e, 0x63, 0xc8, 0x87, 0xe9, 0xef, 0x65, 0x25,
            0xc2, 0xd2, 0x88, 0x7f, 0x45, 0x4b, 0x13, 0x82, 0xcb, 0x7f}},
    {"UZ", {0x27, 0xf1, 0x8e, 0x08, 0xc8, 0x6b, 0xb8, 0xc0, 0x0b, 0x18, 0x12,
            0xc9, 0x92, 0x5d, 0x1f, 0x83, 0x1b, 0xb5, 0x52, 0xc4, 0xb0, 0x3d,
            0x97, 0xd4, 0x02, 0x78, 0x51, 0xb2, 0xc9, 0xe4, 0x5e, 0xfa}},
    {"VA", {0xb9, 0x72, 0x40, 0x8e, 0x64, 0x49, 0x07, 0x99, 0x1b, 0xd5, 0x00,
            0xe2, 0x6e, 0x62, 0x7f, 0xa1, 0x08, 0x01, 0xef, 0x3a, 0x92, 0xf8,
            0xf4, 0x1c, 0x0e, 0x84, 0xc5, 0x4d, 0x2b, 0xfa, 0x92, 0x8d}},
    {"VC", {0x1d, 0xed, 0xdb, 0xf8, 0xd6, 0xab, 0x06, 0x63, 0x0b, 0x87, 0xff,
            0x82, 0x6f, 0x06, 0x7f, 0xef, 0x49, 0x97, 0x9b, 0x06, 0x57, 0x05,
            0x63, 0xe3, 0xfb, 0x8d, 0x23, 0x2e, 0xb6, 0xf0, 0xc6, 0x75}},
    {"VE", {0xea, 0xef, 0x01, 0xf0, 0x8d, 0xa0, 0x60, 0x12, 0xca, 0x5d, 0xd2,
            0x70, 0x0a, 0x78, 0xc0, 0xe4, 0x12, 0x3d, 0x2f, 0x1d, 0xa1, 0xb6,
            0x56, 0xb2, 0x01, 0x43, 0xc1, 0xa3, 0x79, 0x21, 0xe6, 0x18}},
    {"VG", {0x9b, 0x59, 0xf7, 0xe0, 0xaf, 0xdc, 0x7f, 0xb3, 0xc3, 0xa3, 0x74,
            0xae, 0xf1, 0x9c, 0xab, 0x9d, 0x77, 0xa2, 0xab, 0x7e, 0x8d, 0x70,
            0x9f, 0x76, 0xb9, 0xd0, 0x79, 0xe3, 0xfd, 0x57, 0x15, 0x31}},
    {"VI", {0x8d, 0x5f, 0x06, 0x45, 0x1c, 0x38, 0x91, 0x08, 0x64, 0x06, 0xcb,
            0x3a, 0x9d, 0x93, 0x77, 0x50, 0xc4, 0xd6, 0x3d, 0xcc, 0x1e, 0xf7,
            0x5a, 0x40, 0xe5, 0x66, 0x73, 0xc1, 0x2b, 0xa3, 0x9b, 0x04}},
    {"VN", {0x92, 0x55, 0x0b, 0x1a, 0xe7, 0xcc, 0x59, 0xc6, 0xa3, 0x2f, 0x7b,
            0x8c, 0xfb, 0x49, 0xac, 0xed, 0x3f, 0xa5, 0x6b, 0x4a, 0x91, 0x8d,
            0x64, 0xf7, 0x28, 0x9a, 0x65, 0xbb, 0x19, 0x55, 0xe5, 0x01}},
    {"VU", {0xe6, 0x1a, 0x68, 0x20, 0xd1, 0xf6, 0xa4, 0xc9, 0xee, 0x07, 0x4c,
            0xde, 0x87, 0xb8, 0x7e, 0xdf, 0xae, 0xe4, 0x48, 0xca, 0x8e, 0x9b,
            0x73, 0x4f, 0x5f, 0xa1, 0x62, 0x13, 0x11, 0xa3, 0x1c, 0xc6}},
    {"WF", {0x74, 0x56, 0xf6, 0x55, 0xb1, 0x04, 0xf5, 0x61, 0x05, 0x00, 0x03,
            0x55, 0x27, 0x4a, 0x66, 0x56, 0xaa, 0x7e, 0x00, 0x9d, 0x8c, 0xe9,
            0x91, 0x34, 0x8f, 0x2e, 0x56, 0x21, 0x33, 0xbe, 0x44, 0xb6}},
    {"WS", {0x95, 0x2a, 0x2b, 0xdb, 0x50, 0x4a, 0xf5, 0xab, 0xf7, 0x90, 0x6c,
            0x98, 0xf7, 0x92, 0x27, 0xc9, 0x09, 0xfb, 0x24, 0x59, 0x83, 0x4d,
            0xf3, 0x12, 0xb7, 0x37, 0x16, 0x87, 0xc3, 0x5a, 0x93, 0x8e}},
    {"YE", {0x28, 0x9e, 0xf9, 0xa3, 0x3f, 0x06, 0x1a, 0x9f, 0xdd, 0x19, 0x24,
            0x25, 0x0c, 0x91, 0xa0, 0xaf, 0x92, 0xd2, 0x45, 0x86, 0x28, 0x1a,
            0x32, 0x8e, 0x12, 0xc1, 0x8b, 0x35, 0x7b, 0xd8, 0x3f, 0x16}},
    {"YT", {0xb2, 0xd0, 0x4a, 0xfa, 0xbb, 0x7f, 0xb9, 0x0d, 0xb8, 0x1e, 0x27,
            0x49, 0xad, 0x95, 0xbe, 0x3d, 0x44, 0xe3, 0x6b, 0xb9, 0xc9, 0xc1,
            0xef, 0x55, 0xf6, 0x41, 0xb8, 0xdf, 0xb3, 0x45, 0x3f, 0x02}},
    {"ZA", {0x90, 0x30, 0x80, 0xed, 0x09, 0xf7, 0x6d, 0x10, 0xcf, 0xf4, 0x4d,
            0xb3, 0x4f, 0xe0, 0x96, 0x15, 0x57, 0x08, 0xfd, 0x29, 0xe3, 0x28,
            0x09, 0x19, 0x04, 0x1d, 0x84, 0xf3, 0x3a, 0x46, 0x5a, 0xf0}},
    {"ZM", {0x8d, 0xc5, 0x92, 0x7c, 0x05, 0x0e, 0xd3, 0x5d, 0xf6, 0x55, 0x45,
            0x61, 0x3c, 0xc5, 0x64, 0xd1, 0xf8, 0xb9, 0xd7, 0x24, 0x0b, 0xd6,
            0xb3, 0xd5, 0xf7, 0xcf, 0x33, 0x66, 0xf5, 0x96, 0x5d, 0x1a}},
    {"ZW", {0x5c, 0xe1, 0x13, 0x50, 0xe8, 0x5c, 0x39, 0xed, 0x5a, 0xbc, 0x0f,
            0x3b, 0x80, 0x19, 0x3c, 0x9f, 0x54, 0x79, 0x58, 0xae, 0x9a, 0x46,
            0x75, 0x8c, 0xff, 0x7e, 0x36, 0xa8, 0x37, 0x8e, 0x31, 0x2e}},
    {"aa", {0x73, 0x30, 0xd9, 0x00, 0xdc, 0x91, 0x3a, 0xba, 0xbf, 0xb3, 0xf6,
            0xfc, 0x13, 0xc0, 0x88, 0x71, 0x42, 0x10, 0x60, 0xe3, 0xfb, 0xb7,
            0x96, 0x53, 0x14, 0x27, 0xbc, 0x47, 0x3b, 0x2d, 0x7f, 0xbb}},
    {"ab", {0x89, 0xc6, 0x01, 0x67, 0xf1, 0x5b, 0x50, 0x35, 0x57, 0xfc, 0x9a,
            0xb0, 0xcd, 0x3d, 0xed, 0x70, 0x89, 0x1d, 0x29, 0xe8, 0x4b, 0x0f,
            0xd4, 0x31, 0xf3, 0x74, 0xf5, 0x73, 0x22, 0xb5, 0x86, 0xb0}},
    {"ae", {0x2c, 0x66, 0x90, 0x38, 0x5d, 0xc5, 0x35, 0x4e, 0x76, 0xec, 0xd0,
            0x66, 0xed, 0x87, 0xc1, 0xb8, 0xbe, 0x40, 0x2e, 0x36, 0xc0, 0x95,
            0x2a, 0xfa, 0xa4, 0xbb, 0xb1, 0xe3, 0x6b, 0xbb, 0x7c, 0x65}},
    {"af", {0x1b, 0x29, 0x3c, 0x7b, 0xa3, 0x37, 0xec, 0xfd, 0xb1, 0x9b, 0xf2,
            0x2f, 0x4b, 0x8f, 0x87, 0x4c, 0x99, 0x76, 0x0a, 0x18, 0x18, 0x35,
            0x37, 0xcc, 0xee, 0x3c, 0xe2, 0xcc, 0xbe, 0x7e, 0xe1, 0xc3}},
    {"ak", {0xf4, 0x2e, 0xa2, 0x64, 0x48, 0x01, 0x3b, 0xa5, 0xa5, 0x9f, 0xc5,
            0xb3, 0x57, 0x79, 0xbc, 0xec, 0x2c, 0xa3, 0x12, 0xac, 0x0d, 0x4e,
            0xed, 0xf0, 0xee, 0x39, 0xd3, 0x95, 0x4f, 0xea, 0xf1, 0x8e}},
    {"am", {0x4c, 0xef, 0x95, 0x2d, 0xa1, 0x95, 0x43, 0x91, 0x56, 0x09, 0x30,
            0x9d, 0xaa, 0x54, 0xa2, 0x1b, 0x76, 0xa6, 0x37, 0x24, 0x7d, 0x67,
            0xe1, 0xf1, 0x51, 0xd8, 0xe2, 0xee, 0x53, 0x61, 0x87, 0x5d}},
    {"an", {0xed, 0x91, 0x92, 0xd9, 0x74, 0x01, 0x46, 0x71, 0x5b, 0x2a, 0x54,
            0xa9, 0xdd, 0x96, 0x50, 0x1d, 0xe9, 0xb8, 0x22, 0x3d, 0x9a, 0xc5,
            0x9b, 0x5d, 0x1d, 0xb8, 0x61, 0x04, 0x03, 0x93, 0x2c, 0x30}},
    {"ar", {0xad, 0x90, 0xd0, 0x6a, 0xcd, 0x96, 0x99, 0x84, 0xa7, 0xc7, 0x2b,
            0x21, 0x23, 0x19, 0x09, 0xca, 0xf3, 0x46, 0xac, 0x48, 0x28, 0xcb,
            0x62, 0x28, 0x69, 0x93, 0x6e, 0x16, 0xe4, 0x32, 0xd1, 0xeb}},
    {"as", {0xc1, 0x2c, 0x4d, 0x55, 0xdb, 0x0d, 0x46, 0x6b, 0x6f, 0x36, 0x1c,
            0xcb, 0x35, 0xf2, 0xbd, 0xac, 0x63, 0x7f, 0xd1, 0x60, 0xe1, 0xd3,
            0x9a, 0x5b, 0xe8, 0x96, 0x65, 0x1b, 0xf9, 0x0b, 0xc0, 0x2e}},
    {"av", {0x2b, 0x4c, 0x4d, 0x07, 0x4d, 0xbb, 0x16, 0x48, 0xbc, 0xab, 0xb2,
            0xf5, 0x25, 0x7b, 0xe4, 0x1f, 0xe5, 0x91, 0xed, 0xfa, 0x4b, 0x12,
            0x27, 0x97, 0x8a, 0xd2, 0xf6, 0x9d, 0x97, 0x2b, 0xad, 0x97}},
    {"ay", {0x50, 0x13, 0x08, 0x86, 0x88, 0xf8, 0xdb, 0xf6, 0xaa, 0x0a, 0x25,
            0x51, 0x7a, 0xc5, 0xd5, 0x4a, 0x61, 0xc6, 0x2d, 0x6f, 0x58, 0x46,
            0xa4, 0x41, 0x58, 0x85, 0xd4, 0x14, 0x6a, 0x8d, 0x1d, 0xbb}},
    {"az", {0x26, 0xf3, 0xd8, 0xfc, 0x5c, 0x15, 0x24, 0xea, 0xe0, 0x36, 0x1b,
            0x82, 0xbd, 0xe4, 0x33, 0x45, 0x43, 0xd1, 0x38, 0xf1, 0x3f, 0x73,
            0x7f, 0x92, 0xe0, 0xe5, 0xb4, 0xda, 0x8b, 0x9b, 0xe7, 0x46}},
    {"ba", {0xa4, 0x67, 0xab, 0x4b, 0x1f, 0xa0, 0x8e, 0x62, 0x8d, 0x19, 0xdd,
            0x98, 0x34, 0x43, 0x5c, 0x33, 0xa9, 0x81, 0x50, 0xdf, 0xa4, 0x18,
            0xdf, 0xb1, 0x95, 0xfe, 0x19, 0x06, 0x5b, 0x6a, 0x23, 0x5f}},
    {"be", {0xe6, 0xca, 0xac, 0xe1, 0x4c, 0x5b, 0x8d, 0xa8, 0x4b, 0x2d, 0x63,
            0x0d, 0x0e, 0x9a, 0x0c, 0x22, 0xcb, 0x34, 0x66, 0xad, 0x15, 0xf6,
            0x44, 0xd0, 0x60, 0x07, 0xf9, 0x4b, 0x22, 0x73, 0x4b, 0xca}},
    {"bg", {0x86, 0x3f, 0x4e, 0x4e, 0x7b, 0x6a, 0xda, 0x3d, 0x97, 0x18, 0x9f,
            0x54, 0x4d, 0x58, 0x4f, 0x32, 0xc2, 0x59, 0x5e, 0x41, 0xa1, 0xc8,
            0x23, 0x97, 0xd3, 0x1d, 0xcc, 0x17, 0x98, 0x1b, 0x62, 0x65}},
    {"bh", {0x1a, 0x82, 0x9a, 0x2b, 0xf3, 0x87, 0x39, 0x1f, 0x09, 0xd4, 0x62,
            0xae, 0xf0, 0x12, 0x41, 0x55, 0x9c, 0xac, 0x86, 0xde, 0x6a, 0x76,
            0x2b, 0x3e, 0x39, 0x44, 0x8a, 0xb5, 0x18, 0x71, 0x5e, 0x7a}},
    {"bi", {0x30, 0x57, 0x7a, 0x55, 0x28, 0x50, 0xd5, 0x6f, 0x9b, 0x64, 0x92,
            0x07, 0xa8, 0x3f, 0x1d, 0x59, 0xb5, 0xb6, 0xd2, 0x2d, 0x43, 0x4a,
            0x25, 0xe0, 0xb0, 0x2a, 0x6e, 0xbc, 0x3e, 0x6f, 0xee, 0xf4}},
    {"bm", {0x79, 0x56, 0x09, 0x02, 0x77, 0xdb, 0x69, 0x59, 0x61, 0x91, 0x47,
            0x62, 0xe4, 0x25, 0x86, 0x0f, 0xea, 0x4f, 0x14, 0x6e, 0xd8, 0x1f,
            0xd0, 0xc6, 0x5b, 0xcb, 0x97, 0xdb, 0xdf, 0x8d, 0xe9, 0xe7}},
    {"bn", {0xb8, 0x61, 0x0b, 0x68, 0xf9, 0xd0, 0x90, 0xdd, 0xe9, 0x0c, 0x89,
            0x4d, 0xb0, 0x2a, 0x28, 0xe2, 0x05, 0x3a, 0xdc, 0xca, 0xd2, 0x85,
            0xc8, 0x3f, 0x98, 0x64, 0x15, 0x8a, 0xe8, 0x02, 0x4b, 0x1d}},
    {"bo", {0x89, 0x62, 0x60, 0xac, 0xc6, 0x90, 0xb0, 0x32, 0xa3, 0xff, 0x4c,
            0x96, 0x3d, 0x9b, 0x26, 0xfe, 0x8a, 0x9b, 0xab, 0x9b, 0xb7, 0x48,
            0x9e, 0x9c, 0xb5, 0x2b, 0x31, 0x3c, 0xd8, 0x93, 0x5c, 0xcf}},
    {"br", {0x7a, 0x5d, 0xdb, 0x9a, 0x1c, 0x03, 0xad, 0x45, 0x33, 0x95, 0xb8,
            0x6e, 0x11, 0x80, 0x6c, 0x40, 0x00, 0xca, 0x5e, 0x0d, 0x75, 0xbd,
            0xac, 0xe5, 0x0a, 0xee, 0x11, 0xc0, 0xd2, 0xd2, 0x6b, 0x8d}},
    {"bs", {0xd6, 0xd5, 0x47, 0x07, 0xbc, 0x6a, 0xe2, 0xb0, 0xb7, 0xb3, 0x1e,
            0x86, 0xe9, 0xfb, 0x22, 0x1b, 0xc4, 0x2c, 0x90, 0x52, 0xa1, 0x70,
            0x58, 0xd6, 0x97, 0xda, 0x6b, 0x79, 0x2b, 0x73, 0x2d, 0x34}},
    {"ca", {0xa4, 0x07, 0x58, 0x5d, 0x54, 0x17, 0xe0, 0x06, 0x75, 0x58, 0x69,
            0xd7, 0x61, 0xaa, 0x08, 0x13, 0x30, 0x78, 0x8b, 0x7a, 0x62, 0xa4,
            0x39, 0xad, 0xdc, 0xff, 0x9b, 0xe5, 0x7f, 0x13, 0xc3, 0x78}},
    {"ce", {0x40, 0xaf, 0xf1, 0x8a, 0x8e, 0xc9, 0x3d, 0xb8, 0x6e, 0x22, 0x8a,
            0x23, 0x8f, 0xe9, 0x8b, 0x9a, 0xcc, 0xb7, 0x8c, 0xd2, 0xf6, 0x34,
            0x70, 0xd8, 0x6c, 0x2a, 0x18, 0x49, 0x54, 0x87, 0xc4, 0xbe}},
    {"ch", {0x5b, 0xb7, 0xa0, 0x3d, 0xf8, 0x38, 0xed, 0x0f, 0xf7, 0x98, 0x23,
            0xa5, 0x38, 0xbe, 0x67, 0x03, 0xe9, 0x23, 0x46, 0xb7, 0x78, 0xe9,
            0xbc, 0x48, 0xd4, 0xe9, 0xc9, 0xed, 0xda, 0xd0, 0x63, 0x39}},
    {"co", {0x63, 0xc1, 0xf1, 0xce, 0x8e, 0x60, 0x90, 0xe6, 0xf0, 0x95, 0x7e,
            0xdc, 0xb4, 0xf2, 0x3e, 0xad, 0x52, 0x98, 0xdc, 0x2a, 0xc5, 0x28,
            0x2a, 0xc7, 0xed, 0x35, 0xda, 0x24, 0xd7, 0x7f, 0x30, 0x39}},
    {"cr", {0x0c, 0x43, 0xf6, 0x43, 0x06, 0x43, 0x9b, 0xa6, 0x90, 0x94, 0x16,
            0x42, 0x5a, 0xb3, 0xc3, 0x50, 0xe5, 0xe6, 0xb6, 0xeb, 0x29, 0x68,
            0xd2, 0xac, 0x73, 0x65, 0xaf, 0x5c, 0xd3, 0x21, 0xee, 0xd8}},
    {"cs", {0xdb, 0xb0, 0xe3, 0xf6, 0xa4, 0xa0, 0x91, 0x01, 0x79, 0xf7, 0x74,
            0xa4, 0xdb, 0xdb, 0xf3, 0xc3, 0x55, 0x84, 0x0a, 0x63, 0x1f, 0x59,
            0xee, 0x24, 0x90, 0x14, 0xd9, 0xee, 0x59, 0xfb, 0xa1, 0x85}},
    {"cu", {0x5d, 0x7b, 0x38, 0xd9, 0x07, 0xa3, 0x1d, 0x62, 0xd9, 0x52, 0xc8,
            0x37, 0xf9, 0x43, 0x8d, 0x16, 0x6a, 0x67, 0x50, 0xd5, 0x09, 0x76,
            0xc5, 0x96, 0xcd, 0xd3, 0x20, 0x2c, 0xfa, 0x21, 0x72, 0x04}},
    {"cv", {0xe1, 0x30, 0x6e, 0xd4, 0x98, 0x05, 0xb6, 0x18, 0x53, 0xbe, 0x67,
            0xab, 0xb6, 0x39, 0xf2, 0x39, 0x0e, 0xff, 0x04, 0x3e, 0x9d, 0x11,
            0xca, 0xbe, 0xed, 0x2c, 0x98, 0x11, 0x5a, 0x8c, 0x0c, 0x62}},
    {"cy", {0x6f, 0x5c, 0x13, 0x4f, 0xe9, 0x7f, 0x9b, 0x04, 0xbc, 0xdb, 0x16,
            0x68, 0xdf, 0x6d, 0x1c, 0x53, 0x33, 0x23, 0xef, 0x63, 0xab, 0x0e,
            0xdd, 0x40, 0x52, 0x60, 0x26, 0xbd, 0x09, 0x0d, 0x54, 0x50}},
    {"da", {0xab, 0x85, 0xd8, 0x8e, 0xb3, 0x14, 0x18, 0x43, 0xff, 0xc1, 0xe1,
            0xf3, 0x8e, 0xc1, 0x02, 0x64, 0x42, 0x5e, 0x90, 0x56, 0x6d, 0xa1,
            0x75, 0x51, 0xb7, 0x5b, 0x3b, 0x2c, 0x2f, 0x18, 0x61, 0x1e}},
    {"de", {0x11, 0x45, 0xf4, 0xc1, 0x63, 0x36, 0x38, 0x7f, 0xa2, 0x83, 0x63,
            0x68, 0xe9, 0x9b, 0x27, 0x98, 0xf9, 0x9c, 0xe7, 0x74, 0x67, 0xf5,
            0x67, 0xb6, 0xd4, 0x01, 0x09, 0x02, 0x3a, 0x0a, 0xed, 0x68}},
    {"dv", {0x0e, 0xb9, 0x62, 0x7b, 0x8d, 0x49, 0x27, 0x91, 0x1a, 0x82, 0x0c,
            0x75, 0x30, 0xf6, 0x70, 0x7f, 0x05, 0x41, 0x1c, 0x34, 0x82, 0xdd,
            0x4d, 0xf7, 0x73, 0x21, 0x06, 0x07, 0x35, 0x2d, 0xfd, 0xd4}},
    {"dz", {0x96, 0x8d, 0xa0, 0x28, 0xef, 0xb8, 0xc3, 0x9e, 0x12, 0x2f, 0xbc,
            0x68, 0xf7, 0xf9, 0x98, 0x6b, 0x9b, 0x56, 0x93, 0x33, 0xdf, 0x82,
            0x23, 0xec, 0xb7, 0x8e, 0xa8, 0x09, 0xce, 0x44, 0x51, 0xc9}},
    {"ee", {0x19, 0x7a, 0x0b, 0xad, 0xc3, 0xbb, 0x2d, 0xa2, 0x93, 0x9d, 0x2f,
            0xba, 0x11, 0x48, 0x6a, 0xb1, 0x6a, 0x12, 0xf1, 0x6f, 0xfa, 0xe4,
            0xa8, 0x8d, 0x87, 0x2b, 0x44, 0x0b, 0x2a, 0xc9, 0x8d, 0xbf}},
    {"el", {0x76, 0x2d, 0xd8, 0xcd, 0x54, 0xb5, 0xbd, 0x13, 0x51, 0x3d, 0x68,
            0xa4, 0x3d, 0xe8, 0x37, 0xc6, 0x9e, 0x94, 0x4d, 0x7b, 0x56, 0xbd,
            0xcc, 0x71, 0x50, 0xc9, 0x35, 0x70, 0x24, 0x7c, 0x09, 0x9b}},
    {"en", {0xe2, 0x8b, 0xcf, 0x89, 0x41, 0x0e, 0xfc, 0x38, 0x52, 0xec, 0xeb,
            0xcf, 0x86, 0x0a, 0xe2, 0xce, 0x97, 0xd9, 0xb8, 0x69, 0x9d, 0x9f,
            0xf2, 0x0c, 0xfc, 0x1f, 0x1e, 0xa3, 0x3c, 0x34, 0x0e, 0x09}},
    {"eo", {0x70, 0xb1, 0xf2, 0x6f, 0x62, 0x05, 0x41, 0xab, 0x32, 0x57, 0xbb,
            0xec, 0x4a, 0xef, 0x78, 0x2a, 0x0d, 0x6f, 0xce, 0x82, 0x7c, 0xf9,
            0x97, 0x68, 0xae, 0x41, 0xe6, 0xfb, 0x19, 0xc0, 0x31, 0x09}},
    {"es", {0x4b, 0x42, 0x6a, 0x2a, 0x8f, 0x3c, 0xda, 0xa6, 0xd3, 0x83, 0x4c,
            0xc3, 0x73, 0x23, 0x57, 0xdf, 0x78, 0xa8, 0x96, 0xe9, 0xde, 0x5b,
            0x75, 0xcb, 0x7a, 0x05, 0x19, 0x46, 0xf2, 0x1e, 0x5f, 0x00}},
    {"et", {0xed, 0xc0, 0xa0, 0x28, 0xa1, 0x1d, 0x7c, 0x0d, 0xe3, 0xf9, 0x78,
            0x9b, 0x90, 0x3b, 0xf1, 0x30, 0x61, 0x7b, 0x27, 0x40, 0x77, 0xf9,
            0x32, 0x72, 0xf5, 0x7b, 0x3a, 0x05, 0xdf, 0x36, 0x00, 0x8e}},
    {"eu", {0xbb, 0x32, 0x68, 0x29, 0x6f, 0xec, 0xbb, 0xe7, 0x9d, 0x2f, 0x29,
            0xa8, 0x99, 0xab, 0xee, 0x98, 0xbc, 0xfc, 0xd3, 0xc1, 0x7b, 0x32,
            0xd2, 0xc4, 0x46, 0x48, 0x99, 0xb1, 0x04, 0xf9, 0x91, 0x33}},
    {"fa", {0x1b, 0x0e, 0x25, 0xe9, 0x84, 0x41, 0xda, 0xeb, 0x06, 0xd6, 0x42,
            0x37, 0xd8, 0xfe, 0x28, 0x29, 0x74, 0x8f, 0xe3, 0x66, 0x4f, 0xaa,
            0x01, 0xd9, 0xe2, 0xfc, 0x22, 0x0c, 0x2d, 0x84, 0xe1, 0x6b}},
    {"ff", {0x0d, 0x7f, 0xad, 0x24, 0x94, 0x3e, 0x95, 0xef, 0x18, 0x6f, 0xbc,
            0x15, 0xc1, 0x7a, 0x06, 0x0e, 0x93, 0x5e, 0x0e, 0x63, 0x29, 0x0d,
            0xaa, 0x74, 0x5d, 0x16, 0xb6, 0xb3, 0xeb, 0x28, 0x7c, 0xa5}},
    {"fi", {0xb1, 0x16, 0x43, 0x19, 0x0e, 0x47, 0x50, 0xea, 0xb2, 0x41, 0x14,
            0xfa, 0x1c, 0xb9, 0x0d, 0x72, 0x44, 0xf8, 0x33, 0x5f, 0x41, 0xbf,
            0xbd, 0xdb, 0x51, 0xd8, 0x62, 0xca, 0xdc, 0xde, 0x8e, 0xa8}},
    {"fj", {0x65, 0xe8, 0x11, 0xc8, 0x08, 0xa4, 0xb0, 0x9b, 0x8f, 0xe5, 0x58,
            0xab, 0x67, 0xb1, 0x0f, 0x95, 0x9d, 0xf1, 0x66, 0x87, 0xc5, 0x51,
            0x3f, 0x3a, 0x2e, 0x50, 0xbd, 0xc2, 0x2a, 0xc1, 0x97, 0x35}},
    {"fo", {0x90, 0xc5, 0xb2, 0x29, 0x14, 0x69, 0xc6, 0x76, 0x0b, 0x98, 0xf2,
            0x99, 0x18, 0xf6, 0xe9, 0x1d, 0x8e, 0x47, 0x1e, 0x1f, 0xf0, 0x7f,
            0xd5, 0xa7, 0x83, 0x59, 0xa0, 0xa5, 0xb4, 0x82, 0xf0, 0xee}},
    {"fr", {0x89, 0x6a, 0x56, 0xc5, 0x88, 0xdf, 0xf4, 0x51, 0xed, 0x4c, 0x98,
            0x3c, 0xa7, 0x61, 0xed, 0x48, 0x14, 0xf4, 0xd5, 0x0c, 0x61, 0x37,
            0x59, 0x4f, 0x27, 0x29, 0x9a, 0xaf, 0x6d, 0x4f, 0x80, 0xea}},
    {"fy", {0x40, 0x74, 0x59, 0x4e, 0x7c, 0xe5, 0x06, 0xab, 0x80, 0x33, 0xac,
            0xea, 0x14, 0x25, 0x72, 0xbc, 0xa3, 0x42, 0xb2, 0xd7, 0xe6, 0x5c,
            0xd5, 0x7e, 0xa1, 0x0c, 0xa0, 0xce, 0x2b, 0xda, 0x1f, 0x89}},
    {"ga", {0xe8, 0x87, 0x17, 0xea, 0xdb, 0x19, 0xed, 0x67, 0xc2, 0xfb, 0xf1,
            0xfa, 0x23, 0x48, 0xdb, 0x56, 0x3e, 0x01, 0x17, 0x13, 0xd3, 0xb2,
            0x12, 0x20, 0xbe, 0x61, 0xfb, 0xc5, 0x00, 0x08, 0x9c, 0x4c}},
    {"gd", {0x39, 0xc4, 0x57, 0xcd, 0xa5, 0x50, 0x13, 0xe3, 0x62, 0x59, 0xc6,
            0x55, 0xf8, 0xd3, 0x00, 0x0a, 0x2e, 0x78, 0xb9, 0x07, 0xb9, 0x6f,
            0x26, 0xc7, 0x41, 0x16, 0xb4, 0x70, 0x15, 0x36, 0xfc, 0x3e}},
    {"gl", {0x49, 0x8e, 0x09, 0xda, 0xc9, 0x59, 0x51, 0x10, 0xdc, 0x65, 0x10,
            0x69, 0x13, 0xb5, 0xe3, 0x64, 0x70, 0x88, 0x38, 0xe9, 0xd8, 0x52,
            0x19, 0x2a, 0x8f, 0x4f, 0x1a, 0xab, 0xb8, 0xd2, 0xa0, 0xd7}},
    {"gn", {0x41, 0x6c, 0x1b, 0x48, 0x32, 0xb4, 0x2f, 0x82, 0x02, 0x26, 0xf9,
            0x37, 0xd3, 0x7e, 0xb8, 0x4b, 0x9e, 0xbc, 0xf2, 0x25, 0x8b, 0x9d,
            0x77, 0xf9, 0x20, 0x35, 0x7c, 0x60, 0x29, 0x7a, 0x77, 0x7f}},
    {"gu", {0xc3, 0xf2, 0x41, 0x73, 0x9f, 0xba, 0x46, 0x33, 0xa8, 0xe3, 0xc1,
            0x92, 0xcb, 0xd7, 0x1f, 0xe6, 0x29, 0x61, 0x72, 0xc4, 0xec, 0x80,
            0xfc, 0xc8, 0x0f, 0x96, 0xf5, 0xc3, 0x36, 0x40, 0x20, 0xe4}},
    {"gv", {0xba, 0x25, 0x08, 0x7b, 0xba, 0x8d, 0x97, 0xc3, 0x96, 0x02, 0x29,
            0x76, 0x3e, 0x10, 0x1f, 0x19, 0x83, 0x87, 0x0f, 0xa6, 0xe7, 0x03,
            0x70, 0x59, 0xd7, 0xeb, 0x6a, 0xa5, 0x56, 0xc3, 0x6e, 0x7e}},
    {"ha", {0xa7, 0x6f, 0xe9, 0x77, 0xe8, 0xac, 0x7e, 0x35, 0xba, 0xff, 0x32,
            0x0a, 0x71, 0xa0, 0xe9, 0xf8, 0x55, 0xe9, 0x69, 0x19, 0x1b, 0x7b,
            0x57, 0x8d, 0x94, 0x35, 0x5e, 0x95, 0x3f, 0xb3, 0xe6, 0x78}},
    {"he", {0x18, 0xab, 0xdb, 0xd6, 0xfa, 0x8e, 0xb0, 0x1f, 0x53, 0x8e, 0xa7,
            0xde, 0xae, 0xec, 0x5b, 0x3f, 0xbb, 0xac, 0x61, 0x1c, 0xcd, 0xff,
            0x99, 0xcf, 0x32, 0x05, 0x7a, 0xfc, 0x0f, 0xe0, 0x07, 0xce}},
    {"hi", {0x02, 0x3c, 0x1f, 0x35, 0xc4, 0xa3, 0x82, 0x76, 0x41, 0xfe, 0xdd,
            0x9b, 0xe8, 0x7a, 0x34, 0x95, 0xd8, 0x90, 0x3d, 0x8c, 0x57, 0xd9,
            0x77, 0xe9, 0x51, 0x9b, 0xb9, 0x8e, 0x3f, 0x8b, 0x3a, 0xee}},
    {"ho", {0x2c, 0xa6, 0x21, 0x43, 0x0a, 0x23, 0xef, 0x69, 0x37, 0x11, 0xf9,
            0x90, 0xe3, 0x92, 0x31, 0x3f, 0xd4, 0x24, 0x32, 0x5b, 0xa7, 0x1d,
            0x9a, 0x0f, 0xfe, 0xbe, 0x2d, 0x77, 0x42, 0x2c, 0xfc, 0xed}},
    {"hr", {0xd2, 0x94, 0x8d, 0x93, 0xad, 0x01, 0x16, 0xc0, 0x89, 0xcd, 0x8f,
            0xd3, 0x16, 0x6c, 0x27, 0x55, 0x59, 0xfc, 0xe1, 0xcb, 0x02, 0x44,
            0x49, 0xcd, 0xf9, 0x2b, 0x41, 0x36, 0xa8, 0x4d, 0x06, 0x88}},
    {"ht", {0x7f, 0xa4, 0xb0, 0xc5, 0xd8, 0xc8, 0x0f, 0x51, 0x44, 0x4b, 0xf5,
            0xa7, 0xa6, 0x5e, 0x49, 0x8b, 0xb1, 0xda, 0x75, 0x84, 0x01, 0x43,
            0xce, 0xfb, 0x87, 0xb0, 0x8e, 0xd2, 0x77, 0x82, 0x28, 0x15}},
    {"hu", {0x85, 0x13, 0xe5, 0x42, 0x92, 0x03, 0xfd, 0xae, 0xac, 0x35, 0x07,
            0x79, 0x03, 0x2f, 0xfc, 0xae, 0xb3, 0x28, 0x72, 0x19, 0x89, 0x20,
            0x83, 0x8d, 0x1f, 0xee, 0x3c, 0xa6, 0xae, 0xba, 0xfc, 0x8f}},
    {"hy", {0x67, 0x65, 0x3c, 0x7c, 0x78, 0x5f, 0x70, 0xea, 0x95, 0xfb, 0x55,
            0xff, 0xcb, 0x52, 0x7e, 0x5c, 0x59, 0xa9, 0x55, 0xb0, 0x3d, 0x6f,
            0x1b, 0x70, 0x8a, 0x81, 0x57, 0xfc, 0x1e, 0x36, 0x87, 0xac}},
    {"hz", {0xfa, 0xca, 0x7a, 0xf6, 0xb4, 0x69, 0x4a, 0xa5, 0x01, 0x04, 0xba,
            0x16, 0xa5, 0x46, 0xdc, 0x34, 0xb4, 0x8e, 0xf9, 0x2e, 0xcc, 0x0c,
            0x39, 0x00, 0x0e, 0xfa, 0xf4, 0x76, 0x87, 0x2c, 0x55, 0x11}},
    {"ia", {0x7e, 0x48, 0x76, 0x65, 0x76, 0xd5, 0xf3, 0xd0, 0x4e, 0x25, 0xfc,
            0xe4, 0xb2, 0x4d, 0x75, 0xb0, 0x8e, 0x5f, 0xc9, 0x83, 0x0a, 0x75,
            0x55, 0xd2, 0xcb, 0x53, 0xd5, 0x94, 0xbc, 0xd7, 0xd5, 0xf5}},
    {"id", {0x61, 0xce, 0xbc, 0x2d, 0x17, 0x46, 0xa7, 0x97, 0x17, 0x94, 0x72,
            0xf1, 0x9e, 0xd9, 0xb6, 0x56, 0x76, 0x67, 0x9e, 0xda, 0x0e, 0xf3,
            0x94, 0xe9, 0x34, 0x66, 0xd5, 0x69, 0xa1, 0x83, 0xb0, 0x92}},
    {"ie", {0x58, 0xea, 0xbe, 0xc5, 0xbb, 0x5b, 0xe5, 0x23, 0x8a, 0xbf, 0x60,
            0x14, 0xc2, 0xb6, 0xaa, 0x37, 0x92, 0xf2, 0x64, 0xa7, 0x52, 0xa9,
            0x26, 0x4a, 0x71, 0x3f, 0xb6, 0xe6, 0x99, 0x7a, 0xc0, 0x27}},
    {"ig", {0xd2, 0x70, 0x08, 0xb5, 0x7a, 0x1d, 0xbd, 0x0e, 0x16, 0x9c, 0xe0,
            0xc3, 0x5d, 0x2b, 0x73, 0xee, 0xd9, 0xd0, 0xe9, 0xd2, 0x39, 0x1e,
            0x61, 0xe9, 0x58, 0x75, 0xd2, 0x13, 0xea, 0x07, 0x51, 0xf3}},
    {"ii", {0xde, 0x35, 0x24, 0xda, 0x94, 0x7f, 0x05, 0xc1, 0xc6, 0xd0, 0xfe,
            0x84, 0x8b, 0xde, 0x89, 0x0f, 0x98, 0x2b, 0x87, 0xa0, 0x0c, 0x4c,
            0x96, 0x89, 0x99, 0x22, 0x36, 0xce, 0x2b, 0x2d, 0x1d, 0xef}},
    {"ik", {0x51, 0x39, 0xe1, 0x5d, 0x24, 0x66, 0x0e, 0xa3, 0xdb, 0x41, 0x10,
            0xfb, 0xd7, 0x43, 0xdb, 0x7b, 0x6c, 0xd3, 0x91, 0xda, 0x25, 0x74,
            0xe4, 0x65, 0x02, 0x26, 0x7c, 0xe1, 0xc1, 0xc8, 0xec, 0xb8}},
    {"io", {0xda, 0x09, 0x95, 0xf0, 0xf6, 0x57, 0xb2, 0xfc, 0xce, 0x8f, 0x05,
            0x15, 0xdd, 0xce, 0x90, 0x4f, 0xfb, 0xe7, 0xef, 0x70, 0x9d, 0x0f,
            0x96, 0xa4, 0x32, 0x67, 0xea, 0x49, 0xae, 0x79, 0x06, 0x0c}},
    {"is", {0x37, 0x7a, 0x93, 0x43, 0x96, 0x70, 0x3e, 0x4a, 0x5a, 0xbf, 0x74,
            0x1b, 0xfb, 0xcb, 0xf3, 0x42, 0x95, 0x2e, 0xf4, 0xd5, 0x9b, 0x7a,
            0x6a, 0xd5, 0x5b, 0xa5, 0x02, 0x2b, 0xc1, 0x27, 0x1b, 0x90}},
    {"it", {0x0f, 0x0a, 0xb0, 0x01, 0xce, 0x66, 0x19, 0x6b, 0xef, 0x3d, 0x1e,
            0x81, 0xa8, 0xf3, 0x8d, 0x36, 0x45, 0x04, 0x67, 0xc6, 0xd0, 0xd6,
            0x9d, 0xa9, 0xfb, 0xd8, 0x7a, 0x4c, 0x3b, 0x24, 0x02, 0x5e}},
    {"iu", {0x4e, 0x28, 0x8a, 0x92, 0xb6, 0xc9, 0x8d, 0xa6, 0x4e, 0x47, 0xb4,
            0xe5, 0xef, 0xe6, 0x47, 0x90, 0x3f, 0x48, 0x84, 0xf9, 0x05, 0x65,
            0x49, 0x97, 0x50, 0x91, 0x9d, 0x74, 0x1d, 0x19, 0xba, 0xc3}},
    {"ja", {0x0d, 0x15, 0x51, 0x3d, 0x15, 0x01, 0x90, 0x5e, 0x4c, 0xa7, 0xe0,
            0x4b, 0xfe, 0x3e, 0x9a, 0xdd, 0x71, 0xc4, 0x2d, 0x3c, 0x3b, 0xaf,
            0xff, 0x1d, 0x89, 0x0e, 0xb2, 0xc1, 0xfe, 0xf9, 0xe9, 0xc7}},
    {"jv", {0x93, 0x50, 0x52, 0x3d, 0xc9, 0x40, 0x32, 0xe7, 0x1c, 0x94, 0x48,
            0x96, 0x74, 0xe1, 0xb3, 0xd6, 0x9f, 0xfa, 0x60, 0xdb, 0x8b, 0x55,
            0xd3, 0x18, 0xe2, 0x0d, 0x00, 0x72, 0x06, 0x9e, 0xc7, 0xeb}},
    {"ka", {0x7b, 0x8f, 0x42, 0x30, 0x13, 0x26, 0x77, 0x3a, 0x75, 0xc7, 0x82,
            0xb0, 0xe1, 0x99, 0xc7, 0x1e, 0x2f, 0xdf, 0x58, 0xe1, 0xbd, 0x2b,
            0x1e, 0x58, 0xcd, 0xb4, 0xba, 0x6e, 0xf0, 0x19, 0x25, 0xd8}},
    {"kg", {0xb2, 0x07, 0xbb, 0x12, 0x51, 0x76, 0x7f, 0x99, 0xe2, 0x37, 0xc8,
            0xbe, 0xa5, 0x1f, 0x14, 0xad, 0x66, 0xc2, 0x05, 0xc8, 0x6d, 0xea,
            0xee, 0xd7, 0xc5, 0x82, 0x06, 0xcd, 0xf6, 0x47, 0xbe, 0x96}},
    {"ki", {0x92, 0x54, 0xb1, 0xfa, 0x86, 0xf0, 0xf8, 0xb1, 0xe6, 0xf8, 0x31,
            0x53, 0x55, 0x63, 0x50, 0x54, 0x6c, 0x9d, 0xe5, 0x1f, 0xa7, 0x2d,
            0x16, 0xf4, 0x1c, 0xf4, 0x37, 0x37, 0xc5, 0x5d, 0x88, 0x04}},
    {"kj", {0x2f, 0xf1, 0x21, 0xeb, 0x9b, 0xc5, 0x36, 0x44, 0x70, 0x38, 0x94,
            0xc7, 0xa8, 0x57, 0x2f, 0xdb, 0x51, 0x43, 0x1b, 0x4c, 0x5c, 0xdb,
            0xa0, 0xd9, 0xf3, 0x47, 0xbb, 0x23, 0x43, 0xc8, 0x5f, 0x04}},
    {"kk", {0xb9, 0xbb, 0xa6, 0x80, 0xba, 0x3c, 0x0c, 0xb0, 0x24, 0xdc, 0x9a,
            0x79, 0xc8, 0xcd, 0x35, 0x8b, 0x9c, 0xc3, 0x00, 0xf1, 0x46, 0x1b,
            0xa7, 0x9b, 0x05, 0x02, 0xd2, 0xb9, 0x06, 0x9f, 0x2b, 0xe6}},
    {"kl", {0x9a, 0xd5, 0xbd, 0xc0, 0xd8, 0x4d, 0x43, 0xae, 0x4e, 0x68, 0xd9,
            0xc1, 0xfc, 0xaf, 0x2b, 0xa8, 0x4a, 0x7a, 0xe4, 0xc0, 0x50, 0x29,
            0x92, 0x4f, 0x98, 0xc1, 0x01, 0x92, 0xbc, 0x80, 0x90, 0x2b}},
    {"km", {0x37, 0x86, 0x4b, 0xd7, 0x3d, 0xc7, 0x55, 0xec, 0x82, 0x93, 0xc3,
            0x74, 0x57, 0x43, 0x68, 0x9c, 0x40, 0x82, 0x5f, 0x3f, 0x32, 0xb8,
            0xf2, 0x0e, 0x2c, 0x60, 0x57, 0xad, 0x16, 0x5f, 0x08, 0x8e}},
    {"kn", {0xd6, 0x63, 0x2a, 0x65, 0xde, 0xe4, 0x7a, 0xfd, 0xc9, 0x3e, 0x31,
            0xad, 0x4a, 0xc7, 0x23, 0x46, 0x28, 0x64, 0x9c, 0x2c, 0xbc, 0xc6,
            0x94, 0x6e, 0xf3, 0x50, 0xcb, 0x52, 0xdd, 0x43, 0xf8, 0x00}},
    {"ko", {0x34, 0x03, 0xe2, 0xcb, 0x46, 0x26, 0xde, 0xa1, 0x77, 0xf6, 0x1b,
            0xfe, 0x5a, 0xfa, 0x4e, 0x26, 0x0e, 0xa8, 0xa8, 0xdc, 0xea, 0x9f,
            0x36, 0xbc, 0xaa, 0xd8, 0x96, 0xba, 0x89, 0x31, 0x0e, 0x20}},
    {"kr", {0xc7, 0xe1, 0xde, 0x70, 0xed, 0xa4, 0x26, 0x6d, 0x85, 0xd5, 0x5e,
            0x5d, 0x87, 0x10, 0xa9, 0x82, 0x87, 0x31, 0x52, 0x08, 0x67, 0x3f,
            0x86, 0x5a, 0xfb, 0xcb, 0x25, 0xe7, 0xf2, 0x41, 0x65, 0xec}},
    {"ks", {0x77, 0x49, 0x97, 0xd2, 0xd2, 0xa5, 0xcf, 0xaf, 0xa7, 0xa1, 0xad,
            0x4a, 0x7a, 0x4f, 0x28, 0xbb, 0x8a, 0x1d, 0xb6, 0x91, 0x21, 0xf9,
            0x91, 0x0f, 0xd5, 0xca, 0x6d, 0x0a, 0x33, 0x62, 0x6a, 0xfe}},
    {"ku", {0x75, 0x1e, 0x00, 0x47, 0xfd, 0x5f, 0xdf, 0xec, 0xf0, 0x61, 0x0c,
            0xea, 0xdb, 0xdb, 0x03, 0x5d, 0x21, 0x67, 0xa5, 0x2e, 0x9b, 0xce,
            0x7a, 0xe9, 0xd8, 0x65, 0x8f, 0xa0, 0xa7, 0x97, 0x29, 0x61}},
    {"kv", {0x30, 0xdc, 0x07, 0x75, 0x3c, 0xd2, 0x18, 0x8f, 0x14, 0x5c, 0x93,
            0xa4, 0xc1, 0x24, 0x09, 0x3a, 0x28, 0x41, 0x27, 0x42, 0x53, 0x0f,
            0x5f, 0xb5, 0x7c, 0x10, 0xe3, 0x79, 0x42, 0x60, 0x28, 0xc0}},
    {"kw", {0x0f, 0xca, 0x89, 0xd9, 0xd7, 0x30, 0x1a, 0x2a, 0xca, 0xa4, 0x96,
            0x3d, 0x16, 0x36, 0xbe, 0x21, 0x95, 0x70, 0xe7, 0x4a, 0xb5, 0x3c,
            0x08, 0xc5, 0x7d, 0xc9, 0xdf, 0xad, 0xd4, 0x2d, 0xad, 0xac}},
    {"ky", {0xd9, 0x8c, 0xea, 0xf0, 0x11, 0x04, 0xb1, 0x1f, 0xe7, 0xe5, 0xb2,
            0x19, 0x73, 0x6e, 0xd1, 0xc5, 0xf7, 0x95, 0xaf, 0x5b, 0xf9, 0xb7,
            0x0b, 0x8a, 0x97, 0x4c, 0x4c, 0x44, 0x76, 0x4d, 0xea, 0xe5}},
    {"la", {0xad, 0xdf, 0x28, 0x42, 0x9e, 0x0a, 0x7e, 0xab, 0xb1, 0x68, 0xe0,
            0x24, 0x6b, 0xb3, 0xb6, 0x0d, 0x38, 0x0f, 0x39, 0x8b, 0x39, 0x42,
            0x5e, 0x5f, 0x69, 0x15, 0xad, 0xd8, 0x7f, 0x27, 0xdb, 0xdf}},
    {"lb", {0x27, 0xd1, 0x54, 0x1f, 0x5b, 0x46, 0xad, 0xd9, 0x88, 0xae, 0x5c,
            0xd4, 0x12, 0x1f, 0x74, 0x03, 0x57, 0xaa, 0x1c, 0x98, 0x4d, 0x12,
            0xb5, 0xdd, 0x4f, 0x3a, 0x65, 0x3b, 0x4c, 0x8c, 0x79, 0x06}},
    {"lg", {0x7a, 0x5a, 0x34, 0x91, 0x38, 0xed, 0xd9, 0x37, 0x65, 0x7f, 0xa2,
            0xca, 0xdc, 0x0c, 0x33, 0x34, 0x40, 0xc9, 0xa2, 0x1d, 0x63, 0xff,
            0x03, 0x1c, 0x02, 0x89, 0x50, 0x66, 0x93, 0x12, 0x26, 0x36}},
    {"li", {0xdd, 0x10, 0x08, 0x3b, 0x62, 0xa1, 0xc5, 0x3b, 0xd8, 0xe4, 0xf8,
            0xa1, 0x2c, 0x9c, 0x10, 0x31, 0xf5, 0x56, 0x9f, 0x74, 0xfe, 0x2d,
            0xdf, 0x52, 0x42, 0x5c, 0x78, 0x1a, 0x27, 0x60, 0xb3, 0xbc}},
    {"ln", {0x34, 0x32, 0x7f, 0xe6, 0x3e, 0xe0, 0x0a, 0xfb, 0xcf, 0x9e, 0x1f,
            0xa8, 0x66, 0x0b, 0xdb, 0x85, 0xa3, 0x0c, 0xdd, 0x55, 0xb1, 0x89,
            0xec, 0x07, 0xb0, 0xe8, 0x91, 0x3a, 0x72, 0xc9, 0xe8, 0x17}},
    {"lo", {0x0b, 0x06, 0x73, 0xf6, 0xff, 0x0a, 0x95, 0x92, 0x8f, 0xea, 0x10,
            0x4c, 0xfd, 0x3d, 0x6b, 0x5a, 0xbc, 0x3c, 0xec, 0xc4, 0xc5, 0x28,
            0xef, 0xcc, 0x98, 0x67, 0xe9, 0xe6, 0x60, 0xca, 0x1e, 0x03}},
    {"lt", {0x2e, 0xf5, 0xfa, 0x66, 0x54, 0x3e, 0xc8, 0x91, 0xc2, 0x44, 0xfc,
            0x07, 0x0d, 0x0d, 0xfe, 0xd1, 0x36, 0xd1, 0x5c, 0xa4, 0xbe, 0xd6,
            0x30, 0x43, 0xaa, 0x0c, 0x14, 0x03, 0x1f, 0x28, 0xad, 0xf7}},
    {"lu", {0xb9, 0x0c, 0x15, 0xdc, 0x81, 0x01, 0xa7, 0x2f, 0x6f, 0xf5, 0x1b,
            0xe3, 0x8f, 0x24, 0x07, 0x01, 0x51, 0x20, 0x4f, 0xcb, 0xe6, 0x7e,
            0x1f, 0x7e, 0xb2, 0xeb, 0x3f, 0x3f, 0xd3, 0x58, 0xd4, 0xdc}},
    {"lv", {0xb5, 0xba, 0xb6, 0xa9, 0x14, 0xcd, 0xd2, 0x49, 0x40, 0xd8, 0xd3,
            0xd8, 0xa8, 0x08, 0x2f, 0xe3, 0x05, 0xdf, 0x0b, 0x56, 0x2b, 0x0a,
            0x00, 0x9d, 0x0f, 0xed, 0x13, 0x6a, 0x78, 0x79, 0x7f, 0x46}},
    {"mg", {0x60, 0xec, 0xf1, 0x05, 0x10, 0xeb, 0x73, 0x36, 0xe0, 0x59, 0x7a,
            0x6c, 0xd9, 0xf9, 0xf1, 0x8f, 0x44, 0x67, 0xb9, 0x39, 0x4a, 0x4e,
            0x8d, 0xea, 0xde, 0x5c, 0x80, 0x1c, 0x99, 0xf7, 0x9f, 0x9a}},
    {"mh", {0x54, 0x7c, 0xd5, 0x8d, 0x18, 0x99, 0x30, 0x29, 0x64, 0xe5, 0x7e,
            0x95, 0x39, 0x71, 0x47, 0x82, 0x34, 0x80, 0x1a, 0x61, 0x85, 0x18,
            0xe9, 0xe4, 0x25, 0x6c, 0x93, 0xc5, 0xce, 0x43, 0x98, 0xce}},
    {"mi", {0x60, 0xab, 0x40, 0xdd, 0x4b, 0x2d, 0x8e, 0x7f, 0xae, 0xbc, 0x16,
            0x5f, 0xda, 0x9b, 0x1d, 0xbb, 0x43, 0x8e, 0xf1, 0xe5, 0xf4, 0x49,
            0xbc, 0xd2, 0x96, 0xaa, 0xe7, 0x6f, 0x26, 0x5c, 0x45, 0x86}},
    {"mk", {0x0d, 0x8a, 0x21, 0x11, 0x72, 0xe1, 0x6e, 0x2a, 0x32, 0x4c, 0x01,
            0xe0, 0x31, 0x32, 0xd7, 0xb6, 0x25, 0x39, 0x17, 0x1a, 0x78, 0xfb,
            0xf1, 0x4d, 0x15, 0x89, 0x8a, 0xdc, 0xa7, 0xc2, 0x52, 0x19}},
    {"ml", {0xf0, 0xfd, 0x51, 0x99, 0x1b, 0x41, 0x00, 0x44, 0xde, 0x31, 0xcb,
            0xb4, 0xf8, 0x89, 0x5c, 0x7d, 0xab, 0x1f, 0xee, 0x55, 0x00, 0x8e,
            0x08, 0x70, 0x28, 0x4e, 0x11, 0x5a, 0xa1, 0x4d, 0x57, 0x30}},
    {"mn", {0x00, 0x3b, 0x2e, 0x6a, 0x57, 0x05, 0x82, 0x58, 0x9e, 0xeb, 0x7b,
            0x09, 0xad, 0x64, 0x42, 0x40, 0x92, 0xb7, 0x51, 0xea, 0x7c, 0xc9,
            0xa0, 0x2e, 0x55, 0x65, 0x96, 0x9b, 0xf6, 0x70, 0x87, 0xa3}},
    {"mr", {0xbc, 0xf0, 0x05, 0x9c, 0xf7, 0xd2, 0xbf, 0xa5, 0x24, 0x96, 0x91,
            0xd8, 0x40, 0x7a, 0x64, 0xc6, 0x0d, 0x22, 0xd5, 0xb3, 0x7c, 0x14,
            0x6f, 0x14, 0x0d, 0x6e, 0xeb, 0x10, 0x38, 0x07, 0x45, 0x78}},
    {"ms", {0xff, 0xf9, 0x04, 0x4d, 0x0b, 0xe7, 0xcd, 0x79, 0xf4, 0xc7, 0x3a,
            0xaa, 0x67, 0x53, 0x31, 0x5f, 0xd1, 0xda, 0x83, 0x3a, 0x5a, 0xb0,
            0x06, 0x22, 0xb4, 0x73, 0x94, 0x44, 0x1c, 0xc1, 0x9b, 0x59}},
    {"mt", {0x9c, 0x0a, 0x7c, 0xd5, 0x7b, 0x78, 0xe0, 0x6d, 0xc6, 0xd0, 0xa7,
            0x86, 0x03, 0x6a, 0xfa, 0x2b, 0xb9, 0xa2, 0x7b, 0x14, 0x01, 0x99,
            0xe9, 0xa4, 0x43, 0xd1, 0x54, 0x01, 0x6a, 0xf9, 0x74, 0x48}},
    {"my", {0xc3, 0x02, 0x36, 0x55, 0x7b, 0x83, 0xf3, 0xc7, 0x2a, 0xea, 0x4e,
            0x09, 0x7e, 0x94, 0x81, 0xcf, 0x11, 0xe5, 0x0e, 0x8d, 0xbc, 0x31,
            0x0b, 0xf1, 0x56, 0x5a, 0x25, 0xcd, 0x76, 0x5d, 0x0d, 0xd4}},
    {"na", {0x43, 0x2f, 0x8d, 0xae, 0x8a, 0xdc, 0x90, 0x52, 0x3f, 0xeb, 0xaa,
            0x48, 0x84, 0x33, 0xc1, 0x01, 0x4a, 0xfb, 0x0e, 0x21, 0xdf, 0x6b,
            0x9b, 0x2f, 0xd8, 0x01, 0xb5, 0x1e, 0xc2, 0x0a, 0xe7, 0x1c}},
    {"nb", {0x61, 0x86, 0x11, 0x1b, 0x13, 0xc5, 0x71, 0xfe, 0x12, 0xb8, 0x47,
            0x87, 0x34, 0x38, 0x29, 0x5b, 0x47, 0xaf, 0x9f, 0xec, 0x38, 0x0f,
            0x1e, 0xc5, 0x6c, 0xd0, 0x12, 0x4c, 0xf4, 0xfb, 0x21, 0x26}},
    {"nd", {0xa4, 0xc5, 0xeb, 0xcc, 0x3e, 0xe4, 0x4f, 0x57, 0x1f, 0x84, 0xcd,
            0xd4, 0xa5, 0x9b, 0x1d, 0xd3, 0x59, 0xd6, 0xbb, 0xc8, 0x0b, 0x18,
            0xde, 0x8a, 0xf1, 0xc3, 0xb9, 0xb0, 0xaf, 0x82, 0x78, 0x85}},
    {"ne", {0xc8, 0x72, 0xfc, 0xa2, 0xb4, 0xdf, 0x56, 0x84, 0xb2, 0x8f, 0xc3,
            0x12, 0x5f, 0xd2, 0x5e, 0x92, 0x13, 0xb6, 0x65, 0xb7, 0x92, 0x01,
            0x8b, 0x15, 0x17, 0x39, 0xe7, 0x68, 0x90, 0xa1, 0xae, 0xfc}},
    {"ng", {0x9f, 0xb4, 0x00, 0xcb, 0x6d, 0x57, 0x54, 0xc3, 0x25, 0xc1, 0xad,
            0xd7, 0x21, 0x5d, 0x6b, 0xa7, 0x8d, 0x90, 0xfa, 0x69, 0x8a, 0x94,
            0x69, 0x04, 0x95, 0x66, 0x9f, 0x75, 0xcc, 0x76, 0xe5, 0x8d}},
    {"nl", {0xd4, 0x6b, 0x1d, 0x46, 0x88, 0x38, 0x67, 0x88, 0x5b, 0x98, 0xf7,
            0x2b, 0x3c, 0x68, 0x18, 0x5d, 0x59, 0x4c, 0x53, 0x0d, 0x1d, 0x78,
            0xa4, 0x0d, 0xeb, 0x13, 0xca, 0xb0, 0xba, 0x36, 0x3a, 0x88}},
    {"nn", {0x5d, 0xc9, 0x76, 0x20, 0xbe, 0xd8, 0x6b, 0xfd, 0x60, 0x8b, 0x10,
            0x8b, 0xb7, 0x14, 0xd4, 0xb0, 0x16, 0x67, 0xbc, 0xd9, 0x45, 0xae,
            0x82, 0xfc, 0x45, 0x63, 0x7c, 0xd1, 0x2d, 0xe8, 0x31, 0xf5}},
    {"no", {0x56, 0x82, 0xad, 0xf6, 0x78, 0xab, 0x9b, 0x8f, 0xc5, 0x81, 0x66,
            0x72, 0x38, 0xa9, 0x59, 0x59, 0x39, 0x52, 0x8f, 0xa3, 0xef, 0xa8,
            0x62, 0xe6, 0xec, 0x9f, 0x7a, 0xfb, 0x3b, 0x5c, 0x24, 0xc9}},
    {"nr", {0x36, 0x7d, 0xb0, 0xbd, 0x0e, 0x4a, 0x2b, 0x86, 0x0a, 0x03, 0x2c,
            0xc8, 0xe0, 0x84, 0x0d, 0x69, 0xa6, 0x37, 0x59, 0x3d, 0x8d, 0x2f,
            0x36, 0x66, 0x4f, 0x07, 0x17, 0x1f, 0x7f, 0xcb, 0x98, 0xdc}},
    {"nv", {0xee, 0xd2, 0xf7, 0x13, 0xc4, 0xac, 0x7b, 0x31, 0xe9, 0x6e, 0x1e,
            0x41, 0xde, 0xd6, 0xaf, 0x82, 0x1f, 0xb5, 0x6a, 0xfc, 0x19, 0x2a,
            0x13, 0x41, 0xd1, 0xd6, 0x91, 0x0f, 0x21, 0x77, 0x85, 0x68}},
    {"ny", {0x33, 0x4a, 0x5a, 0x7d, 0x92, 0xf1, 0x0d, 0xa4, 0xa1, 0x4b, 0xa4,
            0x4a, 0x81, 0x17, 0xc6, 0xd7, 0xf7, 0xba, 0xf0, 0x18, 0xfb, 0x97,
            0x70, 0xf5, 0xbf, 0x9b, 0x5e, 0xa6, 0xc0, 0xb0, 0xf2, 0x76}},
    {"oc", {0x51, 0x54, 0x41, 0x86, 0xb1, 0xf1, 0xc6, 0x14, 0x56, 0xc8, 0x93,
            0x12, 0x27, 0xc3, 0x53, 0x7c, 0x43, 0x13, 0x22, 0x96, 0x6c, 0xd8,
            0xec, 0x4a, 0x32, 0xd3, 0xba, 0xc4, 0x43, 0x64, 0x2f, 0x0b}},
    {"oj", {0x63, 0xa4, 0x01, 0xcf, 0x6b, 0xb0, 0xf1, 0x96, 0x85, 0x65, 0xcb,
            0x54, 0xbf, 0x3b, 0xa0, 0xf9, 0x82, 0xc5, 0x03, 0x5c, 0x96, 0x52,
            0xfa, 0x79, 0x97, 0x11, 0x68, 0x60, 0x37, 0x88, 0x08, 0x06}},
    {"om", {0x04, 0x6e, 0xae, 0x2c, 0x89, 0xe2, 0x36, 0x83, 0x36, 0x91, 0x9a,
            0x35, 0x87, 0x48, 0x95, 0xfb, 0x3b, 0xd2, 0xcf, 0x57, 0xc2, 0xbf,
            0xbb, 0xb4, 0x01, 0x03, 0x65, 0xc3, 0x0a, 0xf1, 0x5b, 0x9d}},
    {"or", {0x0c, 0xaf, 0x66, 0x1f, 0x84, 0xe0, 0x5a, 0x1c, 0xa8, 0x99, 0xd4,
            0x58, 0xa7, 0x99, 0x5e, 0x6d, 0xb8, 0x67, 0xb8, 0x45, 0x00, 0xed,
            0x0c, 0xad, 0x35, 0x59, 0x26, 0x45, 0xa4, 0x91, 0xf4, 0x08}},
    {"os", {0x03, 0x22, 0xc8, 0xea, 0x07, 0x69, 0x73, 0x1c, 0x7b, 0x31, 0xda,
            0xaf, 0xb6, 0x26, 0x5a, 0xff, 0x8e, 0xf1, 0x8f, 0x46, 0x1d, 0x59,
            0xf6, 0xb6, 0x5d, 0x1f, 0xeb, 0xb2, 0xd1, 0xcc, 0x66, 0xdd}},
    {"pa", {0x67, 0x8a, 0x25, 0xad, 0xcb, 0xa3, 0x98, 0x8b, 0x95, 0xf6, 0xfc,
            0x25, 0x98, 0xdf, 0xeb, 0xba, 0xe6, 0xb8, 0x84, 0x62, 0x69, 0xcf,
            0xb5, 0xcf, 0xad, 0x78, 0x46, 0x80, 0x59, 0xdf, 0xfa, 0x4a}},
    {"pi", {0x78, 0xd4, 0x26, 0xd7, 0xa8, 0x66, 0x7f, 0xd2, 0x9d, 0x5b, 0x0e,
            0xa0, 0x30, 0x2b, 0x25, 0xfc, 0x03, 0xd5, 0x45, 0x5f, 0x70, 0x3f,
            0x89, 0xff, 0x36, 0x79, 0x0e, 0xf7, 0xe1, 0x74, 0x4d, 0x61}},
    {"pl", {0x5e, 0x97, 0x4c, 0x34, 0x4c, 0xa2, 0x02, 0x4b, 0xc4, 0x28, 0xbc,
            0x81, 0x29, 0x0b, 0xb4, 0x9e, 0x07, 0x61, 0x1f, 0xac, 0x17, 0xe0,
            0xfc, 0x0c, 0x44, 0x86, 0x4e, 0x46, 0xd8, 0x9d, 0x8d, 0x9c}},
    {"ps", {0x58, 0xac, 0xf5, 0x8f, 0x94, 0xfd, 0xd7, 0x8e, 0xbe, 0xd6, 0x59,
            0x8c, 0x43, 0xb7, 0x04, 0xca, 0x60, 0x1b, 0xed, 0x28, 0xa4, 0x42,
            0xef, 0xc0, 0xac, 0xe8, 0x04, 0x0c, 0x86, 0x7e, 0x57, 0x9f}},
    {"pt", {0x58, 0xcf, 0x57, 0x6b, 0xb6, 0xa0, 0x4a, 0x71, 0xfa, 0x0a, 0x92,
            0x73, 0xe6, 0x42, 0x95, 0xb5, 0xa0, 0xb4, 0x0f, 0x9e, 0x32, 0x74,
            0x3b, 0xae, 0x43, 0x79, 0x7d, 0x20, 0x1f, 0xb4, 0x56, 0x50}},
    {"qu", {0xd3, 0xb2, 0x88, 0x0a, 0x96, 0x52, 0x45, 0x8c, 0x59, 0xb5, 0x29,
            0x6e, 0x7b, 0x68, 0x3f, 0xd2, 0x85, 0xb5, 0xfe, 0x74, 0x74, 0x83,
            0x4d, 0x98, 0x32, 0x3f, 0xb6, 0xe4, 0xd1, 0x30, 0x54, 0x34}},
    {"rm", {0xdb, 0x01, 0x3a, 0xd5, 0xa4, 0x29, 0x04, 0x27, 0xa4, 0xa3, 0xba,
            0x6d, 0x0f, 0xb9, 0xf5, 0xb0, 0xff, 0x68, 0xef, 0x5f, 0xf7, 0x3b,
            0x69, 0x99, 0xcd, 0x30, 0x72, 0xc0, 0x79, 0xfe, 0xb8, 0x2c}},
    {"rn", {0xf8, 0x41, 0xfe, 0x3c, 0xb9, 0x3b, 0xee, 0x24, 0x58, 0xa7, 0x4a,
            0x59, 0x09, 0xbe, 0xd4, 0x89, 0x1d, 0x0f, 0xc0, 0x1e, 0x33, 0x1d,
            0xf2, 0xd1, 0xb4, 0xa4, 0xdc, 0xe6, 0xe5, 0xe6, 0x42, 0x4a}},
    {"ro", {0xe7, 0x7a, 0xad, 0x86, 0xf4, 0x47, 0x3d, 0xa4, 0x22, 0xef, 0xfb,
            0x5b, 0xde, 0x3f, 0xfa, 0xc4, 0x0b, 0x3c, 0xfb, 0xca, 0x03, 0x9f,
            0x2d, 0xc2, 0x00, 0x86, 0x63, 0xc8, 0xf9, 0x47, 0xc8, 0x1f}},
    {"ru", {0x90, 0x9b, 0xae, 0x7e, 0x4a, 0x76, 0x73, 0x12, 0xb4, 0xa2, 0xb4,
            0xdb, 0x07, 0x29, 0xfb, 0x42, 0xee, 0xe3, 0x8d, 0x5e, 0xff, 0x76,
            0xb2, 0x36, 0x9e, 0xf5, 0x27, 0x23, 0x74, 0x24, 0x69, 0xd6}},
    {"rw", {0xee, 0xa2, 0x51, 0xe8, 0x50, 0x91, 0x4e, 0x9d, 0xd4, 0x18, 0x0e,
            0xfb, 0x85, 0x68, 0x8d, 0xe5, 0x62, 0x37, 0x84, 0xb7, 0x1e, 0x06,
            0x0f, 0x96, 0xee, 0x8c, 0xee, 0x03, 0x2d, 0x1c, 0x8f, 0x2a}},
    {"sa", {0x8d, 0xac, 0x3d, 0x04, 0xe9, 0x53, 0xd6, 0x13, 0xa1, 0x8d, 0xe8,
            0xd5, 0xb5, 0x07, 0x29, 0x52, 0xb8, 0x34, 0x43, 0x75, 0x61, 0x5a,
            0x62, 0xec, 0xf9, 0x75, 0x84, 0xfd, 0x5f, 0x7a, 0xb3, 0xc7}},
    {"sc", {0x6e, 0xb0, 0xf7, 0xca, 0x79, 0xa3, 0xc2, 0x0a, 0xf8, 0x61, 0x97,
            0xd4, 0x06, 0x80, 0xfa, 0x57, 0x75, 0x4f, 0x7c, 0x98, 0xa2, 0xc8,
            0x4a, 0x59, 0x60, 0x0d, 0x0d, 0x0d, 0xeb, 0xd8, 0xa4, 0x41}},
    {"sd", {0xa2, 0xc8, 0x1e, 0x88, 0x77, 0x47, 0xe1, 0x15, 0x59, 0x41, 0x76,
            0x03, 0x10, 0xba, 0xd1, 0xe7, 0xcd, 0xcc, 0xf4, 0x69, 0xe4, 0x9a,
            0x07, 0xb0, 0x88, 0x6e, 0xb8, 0xaa, 0x6b, 0x37, 0x23, 0x95}},
    {"se", {0x2c, 0xec, 0xb6, 0x7a, 0x98, 0x27, 0x96, 0x1a, 0x0a, 0x0e, 0x4d,
            0x54, 0xd8, 0xd2, 0x45, 0xd9, 0x5d, 0x14, 0xd9, 0x07, 0xc1, 0xb8,
            0xdf, 0xc2, 0xe1, 0xbe, 0x01, 0x82, 0xca, 0xf3, 0x07, 0x38}},
    {"sg", {0x6d, 0x35, 0x7c, 0xca, 0x03, 0x53, 0x7c, 0x27, 0x7b, 0x9c, 0x23,
            0x7b, 0x82, 0x3c, 0xcb, 0x1d, 0x5c, 0x91, 0x42, 0x9b, 0x7b, 0x28,
            0x67, 0x71, 0x2c, 0xbe, 0xa4, 0x9f, 0x14, 0xee, 0xbd, 0xc6}},
    {"si", {0xce, 0x6b, 0xb1, 0x97, 0x2d, 0x57, 0x24, 0x90, 0xb0, 0x8a, 0xb4,
            0x4e, 0x69, 0xcc, 0x5a, 0x3c, 0x81, 0x4b, 0xbb, 0xd5, 0x1d, 0x65,
            0x29, 0x84, 0x2f, 0xd7, 0x1b, 0x78, 0x31, 0x43, 0x43, 0x2a}},
    {"sk", {0x6d, 0x73, 0x26, 0xcb, 0x49, 0x51, 0x22, 0x23, 0x93, 0x79, 0x0b,
            0x02, 0x92, 0x8c, 0xba, 0x97, 0xf8, 0xe8, 0xc3, 0x78, 0xb6, 0x1b,
            0x0e, 0x2e, 0x38, 0x71, 0x76, 0xff, 0x22, 0xcf, 0x28, 0x41}},
    {"sl", {0x98, 0x56, 0x98, 0xd4, 0x49, 0x74, 0x3b, 0xc9, 0xda, 0x28, 0x9e,
            0x8d, 0x21, 0x74, 0xb8, 0x2f, 0xd9, 0xb4, 0xa3, 0xd5, 0xd1, 0xe5,
            0xbb, 0x62, 0x33, 0x14, 0xe6, 0xa7, 0x8b, 0x99, 0x28, 0xaf}},
    {"sm", {0xc5, 0x00, 0x98, 0xa4, 0xb6, 0x5e, 0x36, 0x26, 0xdb, 0x30, 0xf1,
            0x69, 0x31, 0xd2, 0xc8, 0x12, 0xc9, 0x2d, 0x5d, 0x56, 0xb4, 0x78,
            0x80, 0x61, 0xad, 0xc0, 0x07, 0xe8, 0xdc, 0xde, 0x8b, 0xd8}},
    {"sn", {0x13, 0x4f, 0xcd, 0x13, 0x4a, 0x63, 0x69, 0x8c, 0x55, 0x8c, 0xa5,
            0x4e, 0x66, 0xcd, 0xb1, 0x15, 0x08, 0x62, 0x6a, 0xbe, 0xc5, 0x77,
            0xad, 0xa3, 0x6d, 0x7c, 0xa2, 0xe1, 0x92, 0x92, 0x92, 0x43}},
    {"so", {0x3e, 0x2b, 0xe5, 0x68, 0x03, 0x98, 0xb3, 0xd8, 0x56, 0xa0, 0x93,
            0xbf, 0xd6, 0x89, 0x1f, 0xef, 0x79, 0xcd, 0xef, 0xc9, 0x9d, 0x69,
            0x7a, 0xa4, 0x12, 0x06, 0x36, 0x4e, 0x15, 0x95, 0xd4, 0x81}},
    {"sq", {0xf6, 0xae, 0xcc, 0x7c, 0x5a, 0xaa, 0x51, 0x12, 0xdd, 0x57, 0xba,
            0x06, 0x1e, 0x3e, 0x8c, 0x9c, 0x3e, 0xf5, 0x23, 0x9b, 0xf4, 0x07,
            0xb1, 0xa4, 0xd5, 0x0b, 0x85, 0xf2, 0x20, 0x3b, 0x21, 0xd9}},
    {"sr", {0xf3, 0x6f, 0xf4, 0x96, 0x73, 0xea, 0xdb, 0xb2, 0xd5, 0x8a, 0xe0,
            0xbe, 0xe1, 0xef, 0x09, 0x9e, 0x39, 0xa8, 0xcb, 0xcf, 0xda, 0x62,
            0x35, 0x9e, 0x94, 0x3e, 0x80, 0x90, 0xc6, 0x13, 0x81, 0x85}},
    {"ss", {0xa7, 0x17, 0x27, 0x2f, 0xb9, 0x24, 0x9b, 0xc8, 0x96, 0x7b, 0x01,
            0xf2, 0xcb, 0xaa, 0x5d, 0x83, 0xb7, 0x2c, 0x30, 0x5e, 0xc6, 0xf6,
            0x2f, 0x0d, 0x4a, 0xa3, 0x85, 0x2c, 0xa1, 0xbb, 0x73, 0xfd}},
    {"st", {0xc6, 0x30, 0x6b, 0xc8, 0xbc, 0x94, 0xd8, 0xc1, 0xa3, 0xcd, 0x42,
            0xa5, 0x1f, 0x75, 0xbb, 0x82, 0x49, 0x1d, 0x3f, 0xc5, 0xa9, 0x99,
            0xc9, 0x20, 0xe1, 0x3c, 0xd1, 0x9a, 0x97, 0x37, 0x32, 0x82}},
    {"su", {0x0e, 0xd3, 0x82, 0xf2, 0xd4, 0xb3, 0x9f, 0x15, 0x4c, 0x08, 0xc1,
            0xfe, 0xc6, 0x04, 0xf9, 0x76, 0xaa, 0xa6, 0xde, 0x64, 0x99, 0x51,
            0x49, 0xc6, 0x75, 0x74, 0xf4, 0x21, 0x86, 0xf2, 0x33, 0x7a}},
    {"sv", {0xbd, 0x72, 0xa2, 0xa6, 0x53, 0x69, 0x6a, 0xe4, 0xb8, 0xcd, 0xcf,
            0x1d, 0xde, 0x6d, 0xfc, 0x51, 0x69, 0x68, 0xf9, 0xf7, 0xaa, 0xfa,
            0x64, 0xbd, 0xdc, 0x3a, 0x4a, 0xf4, 0xa9, 0x4c, 0x69, 0x8c}},
    {"sw", {0x22, 0xcc, 0x9b, 0xab, 0x7d, 0xee, 0x90, 0x60, 0xd0, 0x42, 0xb9,
            0x44, 0x24, 0xd7, 0x05, 0xea, 0x04, 0x54, 0x21, 0x0b, 0x3d, 0x30,
            0x47, 0xfb, 0xb5, 0xd1, 0xf1, 0xbe, 0xf2, 0x96, 0xd6, 0xc6}},
    {"ta", {0xd1, 0xc1, 0xf4, 0xb6, 0xf0, 0xb2, 0x63, 0x67, 0xa4, 0x05, 0x01,
            0xb9, 0x91, 0x7c, 0x0b, 0x75, 0xe5, 0xc1, 0xa9, 0x2b, 0x80, 0xd8,
            0xe3, 0xda, 0xcd, 0x20, 0xd5, 0xdc, 0xf0, 0x45, 0x30, 0x81}},
    {"te", {0xde, 0xdc, 0x07, 0x7a, 0xd9, 0x6f, 0xde, 0x0c, 0x23, 0x87, 0x45,
            0x21, 0xf3, 0x8e, 0x8c, 0x17, 0xe0, 0xf6, 0x75, 0xb1, 0x16, 0x02,
            0x21, 0xfe, 0xa8, 0xbb, 0x94, 0xd7, 0x2e, 0x74, 0xbd, 0x49}},
    {"tg", {0xeb, 0xef, 0x5a, 0x32, 0xab, 0x89, 0xa8, 0x0d, 0x91, 0x46, 0x34,
            0x68, 0xbc, 0x73, 0x6f, 0x29, 0x0a, 0xee, 0xd2, 0x7e, 0xbd, 0x22,
            0x05, 0x00, 0xdb, 0x66, 0x60, 0x59, 0x2e, 0x66, 0x08, 0x35}},
    {"th", {0x9b, 0xbc, 0xf7, 0x02, 0x8b, 0x19, 0xd5, 0xd6, 0x2e, 0x95, 0x6c,
            0x88, 0xc8, 0xf2, 0xb5, 0x1c, 0x3a, 0xbd, 0xde, 0xdd, 0x11, 0x89,
            0x75, 0x87, 0x2b, 0xaf, 0x41, 0x42, 0x2e, 0x13, 0x17, 0xec}},
    {"ti", {0x7a, 0x4e, 0x43, 0xc1, 0x87, 0xaa, 0x6b, 0x0e, 0x14, 0x4c, 0x18,
            0xe6, 0x4e, 0x55, 0x5f, 0xef, 0x02, 0x45, 0x84, 0xfc, 0x89, 0xa2,
            0x19, 0xa2, 0x77, 0xaf, 0xb7, 0x13, 0x3c, 0x29, 0xc8, 0x88}},
    {"tk", {0xb8, 0x33, 0x2f, 0x1d, 0xe3, 0xb6, 0x4d, 0xc1, 0xcc, 0x52, 0x74,
            0xfe, 0x41, 0x65, 0xed, 0x3a, 0x5a, 0x0c, 0x60, 0x16, 0xe9, 0xa1,
            0x47, 0x52, 0x82, 0xd7, 0x50, 0x9c, 0x03, 0x38, 0x5f, 0xec}},
    {"tl", {0xce, 0x28, 0x70, 0xcc, 0x55, 0x0b, 0x4e, 0xd0, 0xec, 0x9b, 0x48,
            0xa0, 0x64, 0xc8, 0xb0, 0xe9, 0x21, 0xfe, 0xbc, 0x78, 0x36, 0xba,
            0xc2, 0xef, 0xe2, 0x2a, 0x12, 0x0f, 0x6f, 0xb1, 0x08, 0xf1}},
    {"tn", {0x69, 0x8d, 0x58, 0x2f, 0xe5, 0x2e, 0x26, 0x00, 0xe6, 0x08, 0x8c,
            0x70, 0x21, 0x5a, 0xc9, 0xc9, 0x5c, 0x61, 0xf8, 0xc9, 0xad, 0xcb,
            0x71, 0x6e, 0xc8, 0xa1, 0xbb, 0xad, 0xea, 0x66, 0x8f, 0x1f}},
    {"to", {0x77, 0xb8, 0x2b, 0xc1, 0x5f, 0x3b, 0xfa, 0x37, 0xcf, 0xab, 0x48,
            0x29, 0xd4, 0xc7, 0x44, 0x40, 0x32, 0xcb, 0x4f, 0x91, 0xb1, 0xfb,
            0x05, 0x32, 0x2a, 0x2b, 0x9c, 0x93, 0xef, 0xb9, 0x27, 0x9d}},
    {"tr", {0x43, 0x9d, 0xf4, 0x27, 0x3a, 0x96, 0x25, 0x94, 0xf5, 0xdd, 0x01,
            0x3a, 0x25, 0x25, 0xbb, 0xf3, 0x82, 0x03, 0x53, 0x20, 0x17, 0x57,
            0xc5, 0x7d, 0xd9, 0xab, 0xae, 0x86, 0xef, 0x13, 0xd2, 0x33}},
    {"ts", {0xd7, 0x1f, 0x94, 0x7c, 0x8e, 0x5e, 0x60, 0x82, 0x5b, 0x29, 0x72,
            0x53, 0xcc, 0xa6, 0x1e, 0x7f, 0xc8, 0x6d, 0x0a, 0xe9, 0x70, 0xb0,
            0x9b, 0xa5, 0xc6, 0x88, 0x91, 0xc0, 0x26, 0x1c, 0xf4, 0xb7}},
    {"tt", {0xcc, 0xc4, 0xc1, 0x2e, 0x9d, 0xa6, 0x52, 0xbd, 0xe6, 0x95, 0x44,
            0x88, 0x2c, 0x88, 0x92, 0xda, 0x97, 0xb9, 0x7a, 0x66, 0x69, 0x49,
            0xaf, 0x0b, 0x17, 0xa0, 0x52, 0xf8, 0xc0, 0x60, 0x60, 0xc1}},
    {"tw", {0xb3, 0x90, 0x4b, 0x74, 0x68, 0xee, 0xd0, 0x41, 0x09, 0xb6, 0x5d,
            0x72, 0x8f, 0x30, 0x95, 0x4e, 0x87, 0xab, 0xe5, 0xa4, 0x84, 0x53,
            0xf0, 0x5f, 0x29, 0x36, 0x64, 0xfe, 0x38, 0x85, 0xcb, 0x10}},
    {"ty", {0x5d, 0xea, 0x8e, 0xd9, 0x89, 0xc2, 0xa6, 0x66, 0xc7, 0xe6, 0x85,
            0xde, 0x2f, 0x01, 0x30, 0x5a, 0xc7, 0x9c, 0x74, 0xe9, 0xdd, 0x88,
            0xc1, 0x73, 0x54, 0xc4, 0x40, 0x27, 0xa0, 0x43, 0x3c, 0x3f}},
    {"ug", {0xe7, 0x2d, 0x1f, 0x5f, 0x27, 0xb2, 0x92, 0x7d, 0xb9, 0x23, 0x94,
            0x12, 0x93, 0x1d, 0x44, 0x29, 0x1a, 0x5f, 0x09, 0x9a, 0xb7, 0x31,
            0x0d, 0xfa, 0x8a, 0x5b, 0x96, 0xda, 0x1c, 0xdc, 0xa5, 0xb0}},
    {"uk", {0xf1, 0x46, 0x95, 0xfb, 0x78, 0x3e, 0xae, 0xed, 0xe7, 0x24, 0xb9,
            0xe5, 0x2f, 0x1e, 0x96, 0xb6, 0xf9, 0x67, 0x07, 0xa1, 0x80, 0x5f,
            0x40, 0x8d, 0xe0, 0xfa, 0x78, 0xaa, 0x7b, 0xe3, 0x16, 0x4a}},
    {"ur", {0x90, 0x66, 0xf4, 0xa0, 0x75, 0x57, 0xd7, 0x72, 0x73, 0xaf, 0xd8,
            0x65, 0xc3, 0xb7, 0x4d, 0xfe, 0xe1, 0xdb, 0xe3, 0x2a, 0xb9, 0x79,
            0x0f, 0x2e, 0x8a, 0xb3, 0xfe, 0xab, 0x54, 0x8a, 0x49, 0x96}},
    {"uz", {0x94, 0xf7, 0xce, 0x1e, 0x22, 0x83, 0xc1, 0x4c, 0x79, 0x2a, 0x12,
            0x06, 0x06, 0x89, 0x62, 0x45, 0x08, 0x3f, 0xbd, 0x5c, 0xa6, 0xad,
            0x2d, 0xb7, 0x39, 0xe2, 0x1a, 0x7a, 0x87, 0x73, 0x06, 0x2e}},
    {"ve", {0xc1, 0x78, 0xb9, 0x88, 0x55, 0xae, 0x18, 0xaa, 0xe4, 0x27, 0xaf,
            0x40, 0xef, 0x06, 0x57, 0x4f, 0xda, 0xcb, 0xb0, 0x7c, 0xf2, 0xd9,
            0x5d, 0x65, 0x72, 0x73, 0xc2, 0x98, 0xcb, 0x52, 0x03, 0xe0}},
    {"vi", {0xf1, 0x90, 0xaf, 0x35, 0x9a, 0xc2, 0x09, 0x4e, 0x14, 0x14, 0xcd,
            0x96, 0xb1, 0x98, 0xd8, 0xbd, 0xbe, 0x60, 0x5a, 0xbf, 0x14, 0xd6,
            0x1e, 0x3e, 0xde, 0x8a, 0x88, 0xf8, 0xb8, 0xe7, 0xda, 0xad}},
    {"vo", {0x15, 0xb9, 0x31, 0x65, 0xc3, 0x96, 0x1e, 0xc7, 0x80, 0xe4, 0xeb,
            0x48, 0x31, 0x52, 0xcc, 0xfd, 0x00, 0x33, 0xc5, 0x5a, 0x0e, 0x41,
            0x42, 0x58, 0xd2, 0xe7, 0x05, 0xb9, 0xf1, 0x78, 0x50, 0x49}},
    {"wa", {0x5c, 0x8e, 0x54, 0x36, 0xea, 0xf2, 0x80, 0xab, 0x60, 0xa1, 0xdc,
            0x8d, 0xcc, 0xae, 0x26, 0xd3, 0xb3, 0x19, 0x0b, 0x06, 0x6b, 0xeb,
            0x5e, 0x55, 0x47, 0x4d, 0x07, 0x69, 0x4c, 0xb1, 0x51, 0x38}},
    {"wo", {0xc7, 0x3f, 0x22, 0x69, 0x5a, 0x5a, 0x31, 0x1f, 0x0f, 0x16, 0x20,
            0x77, 0xad, 0xc1, 0x3d, 0x9d, 0xd0, 0xf7, 0xef, 0xed, 0x42, 0x99,
            0x68, 0xc6, 0x68, 0xc1, 0x79, 0xc4, 0x00, 0x53, 0xfd, 0x97}},
    {"xh", {0x69, 0x86, 0x33, 0xe0, 0xc9, 0x4c, 0x52, 0x07, 0x8e, 0xd9, 0x8a,
            0xcb, 0x58, 0x9e, 0x84, 0x25, 0x86, 0xd5, 0x6c, 0x27, 0x2e, 0xf8,
            0xb2, 0x13, 0x81, 0x81, 0x62, 0x71, 0xa9, 0x39, 0x22, 0xd6}},
    {"yi", {0x97, 0xda, 0xbb, 0x39, 0xee, 0x2b, 0x5c, 0x6f, 0xa8, 0xf0, 0x4c,
            0x47, 0xdd, 0x60, 0x12, 0xa5, 0xc5, 0x0d, 0x28, 0x9d, 0x7a, 0xb3,
            0x96, 0xfa, 0xda, 0x21, 0x15, 0xfa, 0x6a, 0x00, 0x87, 0x13}},
    {"yo", {0x59, 0x51, 0xe3, 0xaf, 0xda, 0xec, 0xe3, 0xb2, 0x0d, 0x02, 0x0a,
            0x72, 0x5c, 0x99, 0x6a, 0x35, 0x55, 0x2c, 0x76, 0x39, 0x65, 0xd7,
            0xbb, 0x47, 0xaa, 0xd8, 0x17, 0x81, 0x80, 0x0f, 0xde, 0x2e}},
    {"za", {0x1d, 0x21, 0x0f, 0xa0, 0x36, 0x7b, 0x14, 0xf7, 0x1e, 0x62, 0xce,
            0xcb, 0x42, 0x5c, 0x37, 0xd1, 0x69, 0xcc, 0x2a, 0x45, 0x40, 0x3f,
            0x01, 0x34, 0x62, 0x65, 0x81, 0xaa, 0x45, 0xf2, 0x4b, 0xd8}},
    {"zh", {0x2b, 0x46, 0xe6, 0xde, 0x3d, 0x52, 0xf1, 0xc7, 0xf5, 0x61, 0xf2,
            0xa4, 0x1f, 0xf1, 0x04, 0x1f, 0x3d, 0xec, 0x3b, 0xc9, 0x2c, 0xc9,
            0xac, 0xfe, 0xfe, 0x46, 0x89, 0xe5, 0x7f, 0x38, 0xb3, 0x98}},
    {"zu", {0x37, 0xbd, 0xad, 0xff, 0xa6, 0x56, 0x47, 0xcc, 0x8f, 0x82, 0xdb,
            0xfb, 0x79, 0x6f, 0xdc, 0xd7, 0x3b, 0x65, 0xf9, 0xdb, 0xba, 0xe9,
            0xd0, 0x57, 0x41, 0x51, 0x48, 0xe1, 0xed, 0x52, 0x2c, 0xee}},
});

}  // namespace

std::optional<std::array<uint8_t, crypto::kSHA256Length>>
GetComponentPublicKeySHA256(std::string_view resource_id) {
  return base::OptionalFromPtr(base::FindOrNull(kComponents, resource_id));
}

}  // namespace brave_ads
